-- --------------------------------------------------------
-- Хост:                         E:\PROGRAMMING\WEB\shuvalov\shuvalov\smart_shop\be\products.db
-- Версия сервера:               3.50.1
-- Операционная система:         
-- HeidiSQL Версия:              12.11.0.7065
-- --------------------------------------------------------

/*!40101 SET @OLD_CHARACTER_SET_CLIENT=@@CHARACTER_SET_CLIENT */;
/*!40101 SET NAMES  */;
/*!40103 SET @OLD_TIME_ZONE=@@TIME_ZONE */;
/*!40103 SET TIME_ZONE='+00:00' */;
/*!40014 SET @OLD_FOREIGN_KEY_CHECKS=@@FOREIGN_KEY_CHECKS, FOREIGN_KEY_CHECKS=0 */;
/*!40101 SET @OLD_SQL_MODE=@@SQL_MODE, SQL_MODE='NO_AUTO_VALUE_ON_ZERO' */;
/*!40111 SET @OLD_SQL_NOTES=@@SQL_NOTES, SQL_NOTES=0 */;

-- Дамп структуры для таблица products.admin_users
CREATE TABLE IF NOT EXISTS admin_users (
          id INTEGER PRIMARY KEY AUTOINCREMENT,
          username TEXT UNIQUE NOT NULL,
          password TEXT NOT NULL,
          role TEXT DEFAULT 'admin',
          created_at DATETIME DEFAULT CURRENT_TIMESTAMP,
          updated_at DATETIME DEFAULT CURRENT_TIMESTAMP
        );
;

-- Дамп данных таблицы products.admin_users: 1 rows
/*!40000 ALTER TABLE "admin_users" DISABLE KEYS */;
INSERT IGNORE INTO "admin_users" ("id", "username", "password", "role", "created_at", "updated_at") VALUES
	(1, 'admin', '$2b$10$OQPsZ2RZIaKx2yfwb2kK0OWBIV8M/BtZgd122rFSR89eOXpVf3WaS', 'admin', '2025-10-12 16:12:56', '2025-10-12 16:12:56');
/*!40000 ALTER TABLE "admin_users" ENABLE KEYS */;

-- Дамп структуры для таблица products.dict_category
CREATE TABLE IF NOT EXISTS "dict_category" (
	"id" INTEGER NOT NULL,
	"cat_name" VARCHAR(100) NOT NULL DEFAULT '',
	"cat_priority" INTEGER NOT NULL DEFAULT 0,
	"cat_desc" VARCHAR(200) NULL
);

-- Дамп данных таблицы products.dict_category: 8 rows
/*!40000 ALTER TABLE "dict_category" DISABLE KEYS */;
INSERT IGNORE INTO "dict_category" ("id", "cat_name", "cat_priority", "cat_desc") VALUES
	(1, 'масло', 10, NULL),
	(2, 'напитки', 20, NULL),
	(3, 'творог', 30, NULL),
	(4, 'выпечка', 40, NULL),
	(5, 'желе', 50, NULL),
	(6, 'сыры', 60, NULL),
	(7, 'ватрушки', 70, NULL),
	(8, 'запеканки', 80, NULL);
/*!40000 ALTER TABLE "dict_category" ENABLE KEYS */;

-- Дамп структуры для таблица products.products
CREATE TABLE IF NOT EXISTS products (
    "_id" INTEGER PRIMARY KEY AUTOINCREMENT,
    title TEXT,
    isNew BOOLEAN,
    oldPrice REAL,
    price REAL,
    type TEXT,
    description TEXT,
    image TEXT,
    rating INTEGER,
    quantity INTEGER,
    ingredients TEXT
  , "position" INTEGER NULL, "category_id" INTEGER NULL DEFAULT NULL);

-- Дамп данных таблицы products.products: 92 rows
/*!40000 ALTER TABLE "products" DISABLE KEYS */;
INSERT IGNORE INTO "products" ("_id", "title", "isNew", "oldPrice", "price", "type", "description", "image", "rating", "quantity", "ingredients", "position", "category_id") VALUES
	(1, 'Молоко натуральное цельное', 1, 110.0, 100.0, '1л.', 'Наше натуральное цельное молоко — это продукт высшего качества, полученный от здоровых коров, которые питаются только натуральными кормами. Это молоко сохраняет все полезные свойства и витамины, что делает его идеальным выбором для всей семьи. Оно обладает насыщенным вкусом и кремовой текстурой, что делает его отличным дополнением к вашему рациону.', '1.webp', 4, 1, 'Состав: молоко, витамины, полезные свойства.', 1, 2),
	(2, 'Крем творожный с зеленью', 0, 120.0, 100.0, '200гр.', 'Крем творожный с зеленью — это свежий и оригинальный десерт, который сочетает в себе нежность творога и тонкий вкус зелени, создавая уникальный и освежающий вкус.', '17.png', 3, 1, '', NULL, 3),
	(3, 'Кефир', 1, 0.0, 90.0, '0,5л', 'Откройте для себя уникальный вкус и пользу нашего кефира, изготовленного из свежего молока, полученного от лучших фермеров Рязанской области. Этот продукт — идеальный выбор для тех, кто стремится к здоровому образу жизни и ценит натуральные ингредиенты.', '3.webp', 3, 2, 'Состав: кефир, молоко, закваска.', NULL, 2),
	(4, 'Сыворотка', 0, 60.0, 60.0, '1л.', 'Наша сыворотка — это натуральный продукт, полученный в процессе производства сыра. Она богата белками и витаминами, что делает её отличным дополнением к вашему рациону. Используйте сыворотку для приготовления смузи, выпечки или как освежающий напиток.', '4.png', 3, 1, 'Состав: сыворотка, белки, витамины.', NULL, 2),
	(5, 'Молоко козье', 1, 250.0, 180.0, '1л.', 'Козье молоко — это источник легко усваиваемых питательных веществ и витаминов. Оно идеально подходит для людей с непереносимостью коровьего молока. Попробуйте его в чистом виде или добавьте в ваши любимые блюда для получения уникального вкуса.', '5.png', 5, 1, 'Состав: козье молоко, витамины.', NULL, 2),
	(6, 'Сливки питьевые бутылка', 0, 150.0, 150.0, '0,5л', 'Наши питьевые сливки — это идеальный способ добавить кремовую текстуру и богатый вкус в ваши напитки и десерты. Они прекрасно подходят для кофе, чая или как основа для различных кулинарных шедевров.', '6.png', 4, 1, 'Состав: сливки, молоко.', NULL, 2),
	(7, 'Йогурт питьевой', 0, 90.0, 90.0, '0,5л', 'Наш йогурт — это вкусный и полезный продукт, приготовленный из натурального молока с добавлением живых культур. Он богат пробиотиками, которые способствуют здоровью пищеварительной системы. Идеален как для завтрака, так и для перекуса.', '7.png', 2, 1, 'Состав: молоко, закваска, пробиотики.', NULL, 2),
	(8, 'Молоко топленое', 0, 90.0, 90.0, '0,5л', 'Топленое молоко — это традиционный продукт, обладающий насыщенным вкусом и ароматом. Оно проходит специальную обработку, что придаёт ему уникальные свойства. Используйте его для приготовления каш, выпечки или просто наслаждайтесь в чистом виде.', '8.webp', 3, 1, 'Состав: топленое молоко.', NULL, 2),
	(9, 'Мацони', 1, 90.0, 90.0, 'уп.', 'Наш мацони обладает кремовой текстурой и легкой кислинкой, что делает его идеальным как для самостоятельного употребления, так и в качестве ингредиента в различных блюдах. Приготовленный по традиционным рецептам, он не содержит искусственных добавок и консервантов.', '9.png', 3, 1, 'Состав: молоко, закваска.', NULL, 2),
	(10, 'Ряженка', 0, 0.0, 100.0, '0,5л', 'Ряженка — это традиционный кисломолочный продукт, обладающий нежным вкусом и ароматом. Она изготовлена из натурального молока и заквашена специальными культурами, что делает её полезной для пищеварения. Идеально подходит для завтрака или в качестве легкого перекуса.', '10.png', 3, 1, 'Состав: молоко, закваска.', NULL, 2),
	(11, 'Варенец', 0, 100.0, 100.0, '0,5л', 'Варенец — это сладкий кисломолочный напиток, приготовленный из топленого молока. Он обладает насыщенным вкусом и приятной кремовой текстурой. Варенец отлично подходит как для десерта, так и для утоления жажды.', '11.png', 3, 1, 'Состав: топленое молоко, сахар.', NULL, 2),
	(12, 'Творожная масса контейнер(с клубникой)', 0, 90.0, 100.0, '200гр.', 'Творожная масса с клубникой — это вкусное и полезное лакомство, которое сочетает в себе нежный творог и сладкие ягоды. Идеально подходит для завтрака, десертов или как перекус. Наслаждайтесь натуральным вкусом и ароматом свежей клубники.', '12.png', 3, 1, 'Состав: творог, клубника, сахар.', NULL, 3),
	(13, 'Творожная масса контейнер(с ягодами)', 0, 90.0, 100.0, '200гр.', 'Творожная масса с ягодами — это идеальное сочетание нежного творога и разнообразных ягод. Этот продукт не только вкусный, но и полезный, благодаря витаминам и антиоксидантам, содержащимся в ягодах. Отлично подходит для завтрака или десерта.', '13.png', 3, 1, 'Состав: творог, ягоды, сахар.', NULL, 3),
	(14, 'Творожная масса контейнер(шоколадная)', 0, 90.0, 100.0, '200гр.', 'Творожная масса с шоколадом — это сладкое и питательное лакомство, которое порадует любителей шоколада. Нежный творог в сочетании с насыщенным шоколадным вкусом делает этот продукт идеальным для десертов или как перекус.', '14.png', 3, 1, 'Состав: творог, шоколад, сахар.', NULL, 3),
	(16, 'Панакота', 0, 150.0, 120.0, '200гр.', 'Панакота — это итальянский десерт на основе сливок, который обладает нежной текстурой и легким ванильным вкусом. Этот десерт идеально подходит для завершения любого обеда или ужина и может быть подан с различными соусами.', '16.png', 3, 1, 'Состав: сливки, сахар, желатин, ваниль.', NULL, 3),
	(18, 'Панакота шарик стакан', 0, 120.0, 120.0, '200гр.', 'Панакота 2 — это вариация классического итальянского десерта, приготовленная с использованием высококачественных ингредиентов. Нежная текстура и изысканный вкус делают её идеальным выбором для любителей сладкого.', '18.png', 3, 1, 'Состав: сливки, сахар, желатин, ваниль.', NULL, 3),
	(19, 'Панакота с фруктами', 0, 120.0, 120.0, '200гр.', 'Панакота с фруктами — это освежающий десерт, который сочетает в себе нежную панакоту и свежие фрукты. Идеально подходит для летнего угощения или как легкий десерт после обеда.', '19.png', 3, 1, 'Состав: сливки, сахар, фрукты, желатин.', NULL, 3),
	(20, 'Панакота с ягодами', 0, 120.0, 120.0, '200гр.', 'Панакота с ягодами — это изысканный десерт, который сочетает в себе нежную текстуру панакоты и сладкие ягоды. Этот десерт станет отличным завершением любого приема пищи и порадует любителей ягод.', '20.png', 3, 1, 'Состав: сливки, сахар, ягоды, желатин.', NULL, 3),
	(21, 'Сливки сепарированные ведро (3кг)', 0, 1200.0, 1080.0, '3кг.', 'Сепарированные сливки — это высококачественный молочный продукт, полученный путем сепарации молока. Они обладают насыщенным вкусом и идеально подходят для приготовления десертов, соусов и выпечки. Используйте их для создания кремов или как добавку к кофе.', '21.png', 3, 1, 'Состав: сливки.', NULL, 2),
	(22, 'Блины оригинальные с творогом', 0, 300.0, 250.0, 'уп.', 'Блинчики оригинальные с творогом — это вкусное и сытное блюдо, приготовленное из тонкого теста и нежного творога. Они идеально подходят для завтрака или перекуса и могут быть поданы как с сахаром, так и с вареньем.', '22.webp', 3, 1, 'Состав: мука, творог, яйца, сахар.', NULL, 4),
	(23, 'Ватрушка творожная (шоколад/мини)', 0, 380.0, 420.0, 'кг.', 'Творожная ватрушка — это аппетитная выпечка с нежной творожной начинкой и шоколадным вкусом. Она станет отличным дополнением к чаю или кофе и порадует любителей сладкого. Идеально подходит для угощения гостей или как десерт на праздник.', '23.webp', 3, 1, 'Состав: мука, творог, шоколад, сахар.', NULL, 7),
	(24, 'Блины оригинальные с мясом', 0, 300.0, 250.0, 'уп.', 'Наши блинчики имеют тонкую, нежную текстуру и богатую начинку из отборного мяса, приготовленного с добавлением ароматных специй и свежих овощей. Каждый блинчик завернут с любовью и заботой, чтобы вы могли насладиться настоящим домашним вкусом.', '22.webp', 3, 1, 'Состав: мука, мясо, специи, овощи.', NULL, 4),
	(25, 'Масло сливочное (шар 250гр.) ', 0, , 1100.0, 'кг.', 'Наше масло обладает насыщенным кремовым вкусом и нежной текстурой, что делает его идеальным для приготовления различных блюд, выпечки и намазывания на хлеб. Мы используем только натуральные ингредиенты и традиционные методы производства, чтобы сохранить все полезные свойства и вкус.', '25.png', 2, 1, 'Состав: масло, соль.', NULL, 1),
	(26, 'Сыр Адыгейский (перец)', 0, 420.0, 470.0, 'кг.', 'Сыр Адыгейский с добавлением зелени и перца — это нежный и ароматный сыр, который отлично подходит для закусок, салатов и бутербродов. Его уникальный вкус и текстура делают его идеальным дополнением к любому блюду.', '26.png', 2, 1, 'Состав: сыр, перец.', NULL, 6),
	(28, 'Творог топленый', 0, 0.0, 510.0, 'кг.', 'Топленый творог — это натуральный продукт с насыщенным вкусом и кремовой текстурой. Он идеально подходит для приготовления десертов, запеканок или как самостоятельный перекус. Наслаждайтесь его полезными свойствами и вкусом.', '28.png', 2, 1, 'Состав: творог.', NULL, 3),
	(29, 'Сыр Адыгейский оригинальный', 0, 0.0, 470.0, 'кг.', 'Сыр Адыгейский — это мягкий и нежный сыр, который отлично подходит для приготовления различных блюд, закусок и салатов. Его приятный вкус и универсальность делают его популярным выбором на столе.', '29.png', 2, 1, 'Состав: сыр.', NULL, 6),
	(30, 'Творог пластовой (таз)', 0, 0.0, 340.0, 'кг.', 'Пластовой творог — это продукт с нежной текстурой, который идеально подходит для приготовления десертов, запеканок и начинок. Он богат белком и полезными веществами, что делает его отличным выбором для здорового питания.', '30.png', 2, 1, 'Состав: творог.', NULL, 3),
	(31, 'Сырники (уп 450гр.)', 0, 0.0, 230.0, 'уп.', 'Сырники — это популярное блюдо из творога, обжаренное до золотистой корочки. Они идеально подходят для завтрака или десерта и могут подаваться с вареньем, сметаной или медом.', '31.webp', 2, 1, 'Состав: творог, яйца куриные, сахар-песок, мука в/с, соль, ванилин.', NULL, 4),
	(32, 'Чизкейк (киви)', 0, 0.0, 480.0, 'кг.', 'Чизкейк — это нежный и освежающий десерт, который сочетает в себе кремовую текстуру и яркий вкус киви. Идеально подходит для любителей сладкого и фруктового, этот чизкейк станет отличным завершением любого обеда.', '32.png', 2, 1, 'Состав: сливки, сахар, киви, желатин.', NULL, 4),
	(33, 'Чизкейк (клубника)', 0, 0.0, 480.0, 'кг.', 'Чизкейк — это нежный и освежающий десерт, который сочетает в себе кремовую текстуру и сладкий вкус свежей клубники. Идеально подходит для любителей фруктовых десертов, этот чизкейк станет отличным завершением любого обеда или праздника.', '33.png', 2, 1, 'Состав: сливки, сахар, клубника, желатин.', NULL, 4),
	(34, 'Творог весовой вакуум (5 кг)', 0, 0.0, 1750.0, 'уп.', 'Творог ГОСТ в запайке 5 кг — это высококачественный продукт, соответствующий всем стандартам. Он обладает нежной текстурой и приятным вкусом, идеально подходит для приготовления различных блюд, десертов и как самостоятельный перекус.', '34.png', 2, 1, 'Состав: творог.', NULL, 3),
	(35, 'Творог весовой вакуум (3 кг)', 0, 0.0, 1050.0, 'уп.', 'Творог ГОСТ в запайке 3 кг — это натуральный продукт, который идеально подходит для приготовления запеканок, сырников и других блюд. Его высокое качество и вкус делают его отличным выбором для здорового питания.', '35.png', 2, 1, 'Состав: творог.', NULL, 3),
	(36, 'Сыр Адыгейский стакан (650гр)', 0, 500.0, 480.0, 'уп.', 'Сыр Адыгейский (700 гр) — это мягкий и нежный сыр, который отлично подходит для закусок, салатов и приготовления различных блюд. Его приятный вкус и универсальность делают его популярным выбором на столе.', '36.png', 2, 1, 'Состав: сыр.', NULL, 6),
	(37, 'Сыр Адыгейский (зелень) стакан (650гр)', 0, 0.0, 470.0, 'уп.', 'Сыр Адыгейский с зеленью и перцем (700 гр) — это ароматный и вкусный сыр, который станет отличным дополнением к вашим блюдам. Его уникальный вкус и текстура делают его идеальным для закусок и салатов.', '37.png', 2, 1, 'Состав: сыр, зелень, перец.', NULL, 6),
	(38, 'Сметана ГОСТ ведро (3кг)', 0, 0.0, 1050.0, '3кг.', 'Сметана ГОСТ — это натуральный молочный продукт с богатым вкусом и кремовой текстурой. Она идеально подходит для заправки салатов, приготовления соусов и как добавка к различным блюдам.', '21.png', 2, 1, 'Состав: сметана.', NULL, 3),
	(39, 'Желе (ваниль-клубника)', 0, 0.0, 120.0, 'уп.', 'Желе ваниль с клубникой — это сладкий и ароматный десерт, который сочетает в себе кремовую ваниль и сладость клубники, создавая нежный и освежающий вкус.', '39.png', 2, 1, 'Состав: желатин, сахар, клубника, ваниль.', NULL, 5),
	(40, 'Желе (ваниль-малина)', 0, 0.0, 120.0, 'уп.', 'Желе ваниль с малиной — это сладкий и ароматный десерт, который сочетает в себе кремовую ваниль и кислинку малины, создавая гармоничный и освежающий вкус.', '39.png', 2, 1, 'Состав: желатин, сахар, малина, ваниль.', NULL, 5),
	(41, 'Желе (манго-малина)', 0, 0.0, 120.0, 'уп.', 'Желе манго с малиной — это освежающий десерт, который сочетает в себе сладость манго и кислинку малины.', '50.png', 2, 1, 'Состав: манго, малина, сахар, вода, желатин.', NULL, 5),
	(42, 'Желе (киви-клубника)', 0, 0.0, 120.0, 'уп.', 'Желе киви с клубникой — это освежающий десерт, который сочетает в себе сладость клубники и кислинку киви.', '41.png', 2, 1, 'Состав: киви, клубника, сахар, вода, желатин.', NULL, 5),
	(43, 'Запеканка со смородиной', 0, 0.0, 450.0, 'кг.', 'Запеканка со смородиной — это нежный десерт с ярким вкусом смородины.', '42.png', 2, 1, 'Состав: смородина, творог, яйца, сахар, мука.', NULL, 8),
	(44, 'Запеканка (персик)', 0, 0.0, 450.0, 'кг.', 'Запеканка с персиками — это сладкий и ароматный десерт, который порадует вас своим вкусом.', '44.webp', 2, 1, 'Состав: персики, творог, яйца, сахар, мука.', NULL, 8),
	(45, 'Запеканка микс, персик-вишня', 0, 0.0, 450.0, 'кг.', 'Запеканка с персиком и вишней — это идеальное сочетание сладости и кислинки.', '44.png', 2, 1, 'Состав: персики, вишня, творог, яйца, сахар, мука.', NULL, 8),
	(46, 'Запеканка микс, персик-клубника', 0, 0.0, 450.0, 'кг.', 'Запеканка с персиком и клубникой — это вкусный десерт, который понравится всем.', '45.png', 2, 1, 'Состав: персики, клубника, творог, яйца, сахар, мука.', NULL, 8),
	(47, 'Запеканка микс, малина-манго-маракуйя', 0, 0.0, 450.0, 'кг.', 'Запеканка с малиной и ???? — это интересный десерт с неожиданным вкусом.', '46.webp', 2, 1, 'Состав: малина, ????, творог, яйца, сахар, мука.', NULL, 8),
	(48, 'Запеканка "сердечки" микс. киви-клубника-персик', 0, 0.0, 450.0, 'кг.', 'Запеканка "сердечки" с киви и клубникой — это оригинальный десерт для особых случаев.', '47.png', 2, 1, 'Состав: киви, клубника, ????, творог, яйца, сахар, мука.', NULL, 8),
	(49, 'Запеканка микс. смород.-клубн.-виш.-мал.', 0, 0.0, 450.0, 'кг.', 'Запеканка с миксом ягод — это насыщенный вкус и аромат.', '48.webp', 2, 1, 'Состав: смородина, клубника, вишня, малина, творог, яйца, сахар, мука.', NULL, 8),
	(51, 'Желе малина', 0, 0.0, 120.0, 'уп.', 'Желе малина-?????? — это освежающий десерт с ягодным вкусом.', '50.png', 2, 1, 'Состав: малина, сахар, вода, желатин.', NULL, 5),
	(53, 'Блины оригинальные', 0, 0.0, 170.0, 'уп.', 'Блины оригинальные — это классический и традиционный десерт, приготовленный из простых и натуральных ингредиентов, таких как мука, яйца и молоко, и обладающий тонким и нежным вкусом, идеально подходящим для подачи с различными начинками и соусами.', '22.webp', NULL, NULL, NULL, NULL, 4),
	(54, 'Кефир', 0, 0.0, 130.0, '1л.', 'Кефир — это кисломолочный напиток, богатый белком, кальцием и полезными бактериями, который способствует поддержанию здоровья пищеварительной системы и укреплению иммунитета.', '3.webp', NULL, NULL, NULL, NULL, 2),
	(56, 'Молоко топленое', 0, 0.0, 120.0, '1л.', 'Топленое молоко — это традиционный продукт, обладающий насыщенным вкусом и ароматом. Оно проходит специальную обработку, что придаёт ему уникальные свойства. Используйте его для приготовления каш, выпечки или просто наслаждайтесь в чистом виде.', '8.webp', 3, 1, 'Состав: топленое молоко.', NULL, 2),
	(57, 'Масло топленое контейнер', 0, 0.0, 250.0, '200гр.', 'Масло топленое контейнер — это высококачественное и удобное в использовании масло, которое прошло процесс топления, в результате чего получилось прозрачное и ароматное масло, идеально подходящее для приготовления различных блюд и выпечки.', '15.png', NULL, NULL, NULL, NULL, 1),
	(58, 'Сырники (весовые)', 0, 0.0, 480.0, 'кг.', 'Сырники — это популярное блюдо из творога, обжаренное до золотистой корочки. Они идеально подходят для завтрака или десерта и могут подаваться с вареньем, сметаной или медом.', '31.webp', 2, 1, 'Состав: творог, яйца куриные, сахар-песок, мука в/с, соль, ванилин.', NULL, 4),
	(59, 'Ватрушка творожная(оригинал/мини)', 0, 0.0, 420.0, 'кг.', 'Творожная ватрушка — это традиционный и любимый десерт, приготовленный из свежего творога, яиц и муки, и обладающий нежным и воздушным текстурой, а также тонким и сладким вкусом, идеально подходящим для завтрака или перекуса. Доступна в двух размерах: оригинальный и мини.', '23.webp', NULL, NULL, NULL, NULL, 7),
	(60, 'Сметанник', 0, 0.0, 450.0, 'кг.', 'Сметанник — это классический и вкусный десерт, приготовленный из сметаны, сахара и яиц, и обладающий кремовой текстурой и нежным, слегка кислым вкусом, идеально подходящим для тех, кто любит сметану и хочет насладиться простым, но вкусным десертом.', '60.webp', NULL, NULL, NULL, NULL, 4),
	(61, 'Рулет сырный (зелень)', 0, 0.0, 600.0, 'кг.', 'Рулет сырный — это вкусный и сытный закусочный продукт, приготовленный из натурального сыра, который скручен в рулет и имеет плотную, но нежную текстуру, идеально подходящий для перекуса или использования в качестве ингредиента для различных блюд.', '61.webp', NULL, NULL, NULL, NULL, 6),
	(62, 'Запеканка (вишня) мини', 0, 0.0, 420.0, 'кг.', 'Это вкусный и ароматный десерт, приготовленный из ягод и сухофруктов, сахара и теста, обладающий нежной и сочной текстурой, а также сладким и кисловатым вкусом. ', '27.png', 2, NULL, 'Состав: творог, вишня, сахар.', NULL, 8),
	(63, 'Запеканка (изюм) мини', 0, 0.0, 420.0, 'кг.', 'Это вкусный и ароматный десерт, приготовленный из ягод и сухофруктов, сахара и теста, обладающий нежной и сочной текстурой, а также сладким и кисловатым вкусом. ', '27.png', 3, NULL, 'Состав: творог, изюм, сахар.', NULL, 8),
	(64, 'Запеканка (цукаты) мини', 0, 0.0, 420.0, 'кг.', 'Это вкусный и ароматный десерт, приготовленный из ягод и сухофруктов, сахара и теста, обладающий нежной и сочной текстурой, а также сладким и кисловатым вкусом. ', '27.png', NULL, NULL, NULL, NULL, 8),
	(65, 'Запеканка (курага) мини', 0, 0.0, 420.0, 'кг.', 'Это вкусный и ароматный десерт, приготовленный из ягод и сухофруктов, сахара и теста, обладающий нежной и сочной текстурой, а также сладким и кисловатым вкусом. ', '27.png', NULL, NULL, 'Состав: творог, курага, сахар.', NULL, 8),
	(66, 'Запеканка зебра', 0, 0.0, 420.0, 'кг.', 'Это вкусный и ароматный десерт, приготовленный из ягод и сухофруктов, сахара и теста, обладающий нежной и сочной текстурой, а также сладким и кисловатым вкусом. ', '49.png', NULL, NULL, NULL, NULL, 8),
	(67, 'Запеканка оригинальная/мини', 0, 0.0, 420.0, 'кг.', 'Это вкусный и ароматный десерт, приготовленный из ягод и сухофруктов, сахара и теста, обладающий нежной и сочной текстурой, а также сладким и кисловатым вкусом. ', '27.png', NULL, NULL, NULL, NULL, 8),
	(69, 'Творог (форма/ведро)', 0, 0.0, 350.0, 'кг.', 'Творог (форма) — это традиционный и натуральный молочный продукт, приготовленный из молока и имеющий плотную, но нежную текстуру, часто выпускаемый в форме брикетов или блоков, идеально подходящий для приготовления различных блюд, десертов и салатов.', '69.webp', NULL, NULL, 'Состав: творог', NULL, 3),
	(70, 'Творожная масса ведро ориг. (3кг)', 0, 0.0, 400.0, 'кг.', 'ворожная масса ведро оригинальная — это большая и удобная упаковка классической творожной массы без добавок, весом 3 кг, идеально подходящая для крупных семей, кафе или ресторанов, где требуется большое количество этого продукта для приготовления различных блюд и десертов.', '70.webp', NULL, NULL, NULL, NULL, 3),
	(71, 'Творожная масса ведро вишня (3кг)', 1, 0.0, 400.0, 'кг.', 'Творожная масса ведро вишня — это большая и удобная упаковка творожной массы с добавлением вишни, весом 3 кг, идеально подходящая для крупных семей, кафе или ресторанов, где требуется большое количество этого продукта для приготовления различных блюд и десертов.', '72.webp', NULL, NULL, NULL, NULL, 3),
	(72, 'Творожная масса ведро изюм. (3кг)', 1, 0.0, 400.0, 'кг.', 'ворожная масса ведро изюм — это большая и удобная упаковка творожной массы с добавлением изюма, весом 3 кг, идеально подходящая для крупных семей, кафе или ресторанов, где требуется большое количество этого продукта для приготовления различных блюд и десертов.', '72.webp', NULL, NULL, NULL, NULL, 3),
	(73, 'Запеканка (ананас-виноград)', 1, 0.0, 450.0, 'кг.', 'Это вкусный и ароматный десерт, приготовленный из ягод и сухофруктов, сахара и теста, обладающий нежной и сочной текстурой, а также сладким и кисловатым вкусом. ', '73.webp', NULL, NULL, NULL, NULL, 8),
	(74, 'Запеканка (манго-маракуйя)', 1, 0.0, 450.0, 'кг.', 'Это вкусный и ароматный десерт, приготовленный из ягод и сухофруктов, сахара и теста, обладающий нежной и сочной текстурой, а также сладким и кисловатым вкусом. ', '74.webp', NULL, NULL, NULL, NULL, 8),
	(75, 'Запеканка (клюква)', 1, 0.0, 450.0, 'кг.', 'Это вкусный и ароматный десерт, приготовленный из ягод и сухофруктов, сахара и теста, обладающий нежной и сочной текстурой, а также сладким и кисловатым вкусом. ', '75.webp', NULL, NULL, NULL, NULL, 8),
	(76, 'Запеканка (клубника)', 1, 0.0, 450.0, 'кг.', 'Это вкусный и ароматный десерт, приготовленный из ягод и сухофруктов, сахара и теста, обладающий нежной и сочной текстурой, а также сладким и кисловатым вкусом. ', '76.webp', NULL, NULL, NULL, NULL, 8),
	(77, 'Запеканка (киви)', 1, 0.0, 450.0, 'кг.', 'Это вкусный и ароматный десерт, приготовленный из ягод и сухофруктов, сахара и теста, обладающий нежной и сочной текстурой, а также сладким и кисловатым вкусом. ', '77.webp', NULL, NULL, NULL, NULL, 8),
	(78, 'Запеканка (груша)', 1, 0.0, 450.0, 'кг.', 'Это вкусный и ароматный десерт, приготовленный из ягод и сухофруктов, сахара и теста, обладающий нежной и сочной текстурой, а также сладким и кисловатым вкусом. ', '78.webp', NULL, NULL, NULL, NULL, 8),
	(79, 'Запеканка (вишня)', 1, 0.0, 450.0, 'кг.', 'Это вкусный и ароматный десерт, приготовленный из ягод и сухофруктов, сахара и теста, обладающий нежной и сочной текстурой, а также сладким и кисловатым вкусом. ', '79.webp', NULL, NULL, NULL, NULL, 8),
	(80, 'Сметанник ориг. (~1кг) ', 1, 750.0, 700.0, 'шт.', 'Это вкусный и ароматный десерт, приготовленный из ягод и сухофруктов, сахара и теста, обладающий нежной и сочной текстурой, а также сладким и кисловатым вкусом. ', '80.webp', NULL, NULL, 'Состав: творог', NULL, 4),
	(81, 'Сметанник шоколадный (~1кг) ', 1, 0.0, 750.0, 'шт.', 'Это вкусный и ароматный десерт, приготовленный из ягод и сухофруктов, сахара и теста, обладающий нежной и сочной текстурой, а также сладким и кисловатым вкусом. ', '81.webp', NULL, NULL, 'Состав: творог', NULL, 4),
	(82, 'Сметанник из топленого творога (~1кг) ', 1, 0.0, 750.0, 'шт.', 'Это вкусный и ароматный десерт, приготовленный из ягод и сухофруктов, сахара и теста, обладающий нежной и сочной текстурой, а также сладким и кисловатым вкусом. ', '82.webp', NULL, NULL, 'Состав: топленый творог', NULL, 4),
	(83, 'Запеканка (мак)', 1, 0.0, 420.0, 'кг.', 'Это вкусный и ароматный десерт, приготовленный из ягод и сухофруктов, сахара и теста, обладающий нежной и сочной текстурой, а также сладким и кисловатым вкусом. ', '83.webp', NULL, NULL, NULL, NULL, 8),
	(84, 'Запеканка (яблоко-изюм)', 1, 0.0, 420.0, 'кг.', 'Это вкусный и ароматный десерт, приготовленный из ягод и сухофруктов, сахара и теста, обладающий нежной и сочной текстурой, а также сладким и кисловатым вкусом. ', '84.webp', NULL, 1, NULL, NULL, 8),
	(85, 'Запеканка (тыква)', 1, 0.0, 420.0, 'кг.', 'Это вкусный и ароматный десерт, приготовленный из ягод и сухофруктов, сахара и теста, обладающий нежной и сочной текстурой, а также сладким и кисловатым вкусом. ', '85.webp', NULL, 1, NULL, NULL, 8),
	(86, 'Запеканка (мак-груша)', 1, 0.0, 420.0, 'кг.', 'Это вкусный и ароматный десерт, приготовленный из ягод и сухофруктов, сахара и теста, обладающий нежной и сочной текстурой, а также сладким и кисловатым вкусом. ', '86.webp', NULL, NULL, NULL, NULL, 8),
	(87, 'Сырники (мак-курага)', 1, 0.0, 480.0, 'кг.', 'Это вкусный и ароматный десерт, приготовленный из ягод и сухофруктов, сахара и теста, обладающий нежной и сочной текстурой, а также сладким и кисловатым вкусом. ', '87.webp', NULL, NULL, NULL, NULL, 4),
	(88, 'Ватрушка творожная (шоколад/вишня/мини)', 1, NULL, 420.0, 'кг.', 'Это вкусный и ароматный десерт, приготовленный из ягод и сухофруктов, сахара и теста, обладающий нежной и сочной текстурой, а также сладким и кисловатым вкусом. ', '23.webp', NULL, NULL, NULL, NULL, 7),
	(89, 'Ватрушка творожная (шоколад/мак/мини)', 1, NULL, 420.0, 'кг.', 'Творожная ватрушка — это аппетитная выпечка с нежной творожной начинкой и шоколадным вкусом. Она станет отличным дополнением к чаю или кофе и порадует любителей сладкого. Идеально подходит для угощения гостей или как десерт на праздник.', '23.webp', NULL, NULL, NULL, NULL, 7),
	(90, 'Ватрушка творожная (шоколад/клубника/черника/мини)', 1, NULL, 420.0, 'кг.', 'Творожная ватрушка — это аппетитная выпечка с нежной творожной начинкой и шоколадным вкусом. Она станет отличным дополнением к чаю или кофе и порадует любителей сладкого. Идеально подходит для угощения гостей или как десерт на праздник.', '23.webp', NULL, NULL, NULL, NULL, 7),
	(91, 'Запеканка "сердечки" мини', 1, 0.0, 350.0, 'шт.', NULL, '91.webp', NULL, 1, NULL, NULL, 8),
	(92, 'Чизкейк в стакане', 1, 0.0, 210.0, 'шт.', 'Чизкейк — это нежный и освежающий десерт, который сочетает в себе кремовую текстуру и яркий вкус киви. Идеально подходит для любителей сладкого и фруктового, этот чизкейк станет отличным завершением любого обеда.', '92.webp', NULL, NULL, NULL, NULL, 4),
	(93, 'Ватрушка творожная (шоколад/персик/мини)', NULL, NULL, 420.0, 'кг.', 'Творожная ватрушка — это аппетитная выпечка с нежной творожной начинкой и шоколадным вкусом. Она станет отличным дополнением к чаю или кофе и порадует любителей сладкого. Идеально подходит для угощения гостей или как десерт на праздник.', '23.webp', NULL, NULL, NULL, NULL, 7),
	(94, 'Моцарелла (ведро)', 1, 0.0, 550.0, 'кг.', NULL, '94.webp', NULL, NULL, NULL, NULL, 6),
	(95, 'Сырный рулет (паприка)', NULL, NULL, 600.0, 'кг.', 'Рулет сырный — это вкусный и сытный закусочный продукт, приготовленный из натурального сыра, который скручен в рулет и имеет плотную, но нежную текстуру, идеально подходящий для перекуса или использования в качестве ингредиента для различных блюд.', '95.webp', NULL, NULL, NULL, NULL, 6),
	(96, 'Сырный рулет мини (упаковка ассорти)', NULL, NULL, 500.0, 'уп.', 'Рулет сырный — это вкусный и сытный закусочный продукт, приготовленный из натурального сыра, который скручен в рулет и имеет плотную, но нежную текстуру, идеально подходящий для перекуса или использования в качестве ингредиента для различных блюд.', '96.webp', NULL, NULL, NULL, NULL, 6),
	(97, 'Блины сулугуни', NULL, NULL, 600.0, 'кг.', NULL, '97.webp', NULL, NULL, NULL, NULL, 6),
	(98, 'Сыр сулугуни (лапша)', NULL, NULL, 550.0, 'кг.', NULL, '98.webp', NULL, NULL, NULL, NULL, 6),
	(99, 'Сырный рулет (грецкий орех)', NULL, NULL, 600.0, 'кг.', 'Рулет сырный — это вкусный и сытный закусочный продукт, приготовленный из натурального сыра, который скручен в рулет и имеет плотную, но нежную текстуру, идеально подходящий для перекуса или использования в качестве ингредиента для различных блюд.', '99.webp', NULL, NULL, NULL, NULL, 6);
/*!40000 ALTER TABLE "products" ENABLE KEYS */;

-- Дамп структуры для таблица products.products_changes
CREATE TABLE IF NOT EXISTS "products_changes" (
    "_id" INTEGER NOT NULL,
    "title_new" TEXT NULL,
    "title_old" TEXT NULL,
    "isNew_new" TINYINT NULL,
    "isNew_old" TINYINT NULL,
    "oldPrice_new" REAL NULL,
    "oldPrice_old" REAL NULL,
    "price_new" REAL NULL,
    "price_old" REAL NULL,
    "type_new" TEXT NULL,
    "type_old" TEXT NULL,
    "description_new" TEXT NULL,
    "description_old" TEXT NULL,
    "category_new" TEXT NULL,
    "category_old" TEXT NULL,
    "image_new" TEXT NULL,
    "image_old" TEXT NULL,
    "rating_new" INTEGER NULL,
    "rating_old" INTEGER NULL,
    "quantity_new" INTEGER NULL,
    "quantity_old" INTEGER NULL,
    "ingredients_new" TEXT NULL,
    "ingredients_old" TEXT NULL,
    "position_new" INTEGER NULL,
    "position_old" INTEGER NULL
, "changed_at" DATETIME NULL);

-- Дамп данных таблицы products.products_changes: 195 rows
/*!40000 ALTER TABLE "products_changes" DISABLE KEYS */;
INSERT IGNORE INTO "products_changes" ("_id", "title_new", "title_old", "isNew_new", "isNew_old", "oldPrice_new", "oldPrice_old", "price_new", "price_old", "type_new", "type_old", "description_new", "description_old", "category_new", "category_old", "image_new", "image_old", "rating_new", "rating_old", "quantity_new", "quantity_old", "ingredients_new", "ingredients_old", "position_new", "position_old", "changed_at") VALUES
	(51, 'Желе малина', 'Желе малина', 0, 0, 0.0, 0.0, 0.0, 0.0, 'кг.', 'кг.', 'Желе малина-?????? — это освежающий десерт с ягодным вкусом.', 'Желе малина-?????? — это освежающий десерт с ягодным вкусом.', 'из молока', 'из молока', '50.png', '50.png', 2, 2, 1, 1, 'Состав: малина, сахар, вода, желатин.', 'Состав: малина, ????, сахар, вода, желатин.', NULL, NULL, NULL),
	(62, NULL, NULL, NULL, NULL, NULL, NULL, NULL, NULL, NULL, NULL, NULL, NULL, NULL, NULL, NULL, NULL, NULL, NULL, NULL, NULL, NULL, NULL, NULL, NULL, NULL),
	(62, NULL, NULL, NULL, NULL, NULL, NULL, NULL, NULL, NULL, NULL, NULL, NULL, NULL, NULL, NULL, NULL, NULL, NULL, NULL, NULL, NULL, NULL, NULL, NULL, NULL),
	(63, 'Запеканка изюм.мини', 'Запеканка изюм.мини', 0, 0, 0.0, 0.0, 420.0, 420.0, 'кг.', 'кг.', NULL, NULL, NULL, NULL, '27.png', '27.png', 3, NULL, NULL, NULL, 'Состав: творог, изюм, сахар.', 'Состав: творог, изюм, сахар.', NULL, NULL, NULL),
	(11, 'Варенец', 'Варенец', 0, 0, 100.0, 100.0, 100.0, 100.0, '0,5л', 'уп.', 'Варенец — это сладкий кисломолочный напиток, приготовленный из топленого молока. Он обладает насыщенным вкусом и приятной кремовой текстурой. Варенец отлично подходит как для десерта, так и для утоления жажды.', 'Варенец — это сладкий кисломолочный напиток, приготовленный из топленого молока. Он обладает насыщенным вкусом и приятной кремовой текстурой. Варенец отлично подходит как для десерта, так и для утоления жажды.', 'кисломолочная', 'кисломолочная', '11.png', '11.png', 3, 3, 1, 1, 'Состав: топленое молоко, сахар.', 'Состав: топленое молоко, сахар.', NULL, NULL, NULL),
	(30, 'Творог пластовой (таз)', 'Творог пластовой', 0, 0, 0.0, 0.0, 340.0, 305.0, 'кг.', 'кг.', 'Пластовой творог — это продукт с нежной текстурой, который идеально подходит для приготовления десертов, запеканок и начинок. Он богат белком и полезными веществами, что делает его отличным выбором для здорового питания.', 'Пластовой творог — это продукт с нежной текстурой, который идеально подходит для приготовления десертов, запеканок и начинок. Он богат белком и полезными веществами, что делает его отличным выбором для здорового питания.', 'из молока', 'из молока', '30.png', '30.png', 2, 2, 1, 1, 'Состав: творог.', 'Состав: творог.', NULL, NULL, NULL),
	(69, 'Творог (форма)', 'Творог (форма)', 0, 0, 0.0, 0.0, 350.0, 350.0, 'кг.', 'кг.', NULL, NULL, NULL, NULL, NULL, NULL, NULL, NULL, NULL, NULL, 'Состав: творог', NULL, NULL, NULL, NULL),
	(35, 'Творог весовой вакуум (3 кг)', 'Творог ГОСТ (запайка 3 кг)', 0, 0, 1000.0, 0.0, 960.0, 900.0, 'кг.', 'уп.', 'Творог ГОСТ в запайке 3 кг — это натуральный продукт, который идеально подходит для приготовления запеканок, сырников и других блюд. Его высокое качество и вкус делают его отличным выбором для здорового питания.', 'Творог ГОСТ в запайке 3 кг — это натуральный продукт, который идеально подходит для приготовления запеканок, сырников и других блюд. Его высокое качество и вкус делают его отличным выбором для здорового питания.', 'выпечка', 'выпечка', '35.png', '35.png', 2, 2, 1, 1, 'Состав: творог.', 'Состав: творог.', NULL, NULL, NULL),
	(34, 'Творог ГОСТ (запайка 5 кг)', 'Творог ГОСТ (запайка 5 кг)', 0, 0, 1700.0, 0.0, 1600.0, 1500.0, 'уп.', 'уп.', 'Творог ГОСТ в запайке 5 кг — это высококачественный продукт, соответствующий всем стандартам. Он обладает нежной текстурой и приятным вкусом, идеально подходит для приготовления различных блюд, десертов и как самостоятельный перекус.', 'Творог ГОСТ в запайке 5 кг — это высококачественный продукт, соответствующий всем стандартам. Он обладает нежной текстурой и приятным вкусом, идеально подходит для приготовления различных блюд, десертов и как самостоятельный перекус.', 'выпечка', 'выпечка', '34.png', '34.png', 2, 2, 1, 1, 'Состав: творог.', 'Состав: творог.', NULL, NULL, NULL),
	(34, 'Творог весовой вакуум (5 кг)', 'Творог ГОСТ (запайка 5 кг)', 0, 0, 1700.0, 1700.0, 1600.0, 1600.0, 'уп.', 'уп.', 'Творог ГОСТ в запайке 5 кг — это высококачественный продукт, соответствующий всем стандартам. Он обладает нежной текстурой и приятным вкусом, идеально подходит для приготовления различных блюд, десертов и как самостоятельный перекус.', 'Творог ГОСТ в запайке 5 кг — это высококачественный продукт, соответствующий всем стандартам. Он обладает нежной текстурой и приятным вкусом, идеально подходит для приготовления различных блюд, десертов и как самостоятельный перекус.', 'выпечка', 'выпечка', '34.png', '34.png', 2, 2, 1, 1, 'Состав: творог.', 'Состав: творог.', NULL, NULL, NULL),
	(70, 'Творог топленый', 'Творог топленый', 1, 1, 500.0, 500.0, 460.0, 460.0, 'кг.', 'кг.', NULL, NULL, NULL, NULL, NULL, NULL, NULL, NULL, NULL, NULL, 'Состав: творог', NULL, NULL, NULL, NULL),
	(28, 'Творог топленый', 'Топленый творог', 0, 0, 500.0, 500.0, 460.0, 460.0, 'кг.', 'кг.', 'Топленый творог — это натуральный продукт с насыщенным вкусом и кремовой текстурой. Он идеально подходит для приготовления десертов, запеканок или как самостоятельный перекус. Наслаждайтесь его полезными свойствами и вкусом.', 'Топленый творог — это натуральный продукт с насыщенным вкусом и кремовой текстурой. Он идеально подходит для приготовления десертов, запеканок или как самостоятельный перекус. Наслаждайтесь его полезными свойствами и вкусом.', 'из молока', 'из молока', '28.png', '28.png', 2, 2, 1, 1, 'Состав: творог.', 'Состав: творог.', NULL, NULL, NULL),
	(17, 'Творожная масса', 'Творожная масса', 0, 0, 90.0, 90.0, 100.0, 90.0, '200гр.', '200гр.', 'Творожная масса — это вкусный и питательный продукт, приготовленный из свежего творога. Она идеально подходит для приготовления десертов, намазок или как самостоятельный перекус. Наслаждайтесь её нежной текстурой и натуральным вкусом.', 'Творожная масса — это вкусный и питательный продукт, приготовленный из свежего творога. Она идеально подходит для приготовления десертов, намазок или как самостоятельный перекус. Наслаждайтесь её нежной текстурой и натуральным вкусом.', 'из молока', 'из молока', '17.png', '17.png', 3, 3, 1, 1, 'Состав: творог, сахар.', 'Состав: творог, сахар.', NULL, NULL, NULL),
	(13, 'Творожная масса(с ягодами)', 'Творожная масса(с ягодами)', 0, 0, 90.0, 90.0, 100.0, 90.0, '200гр.', '200гр.', 'Творожная масса с ягодами — это идеальное сочетание нежного творога и разнообразных ягод. Этот продукт не только вкусный, но и полезный, благодаря витаминам и антиоксидантам, содержащимся в ягодах. Отлично подходит для завтрака или десерта.', 'Творожная масса с ягодами — это идеальное сочетание нежного творога и разнообразных ягод. Этот продукт не только вкусный, но и полезный, благодаря витаминам и антиоксидантам, содержащимся в ягодах. Отлично подходит для завтрака или десерта.', 'кисломолочная', 'кисломолочная', '13.png', '13.png', 3, 3, 1, 1, 'Состав: творог, ягоды, сахар.', 'Состав: творог, ягоды, сахар.', NULL, NULL, NULL),
	(14, 'Творожная масса(шоколадная)', 'Творожная масса(шоколадная)', 0, 0, 90.0, 90.0, 100.0, 90.0, '200гр.', '200гр.', 'Творожная масса с шоколадом — это сладкое и питательное лакомство, которое порадует любителей шоколада. Нежный творог в сочетании с насыщенным шоколадным вкусом делает этот продукт идеальным для десертов или как перекус.', 'Творожная масса с шоколадом — это сладкое и питательное лакомство, которое порадует любителей шоколада. Нежный творог в сочетании с насыщенным шоколадным вкусом делает этот продукт идеальным для десертов или как перекус.', 'кисломолочная', 'кисломолочная', '14.png', '14.png', 3, 3, 1, 1, 'Состав: творог, шоколад, сахар.', 'Состав: творог, шоколад, сахар.', NULL, NULL, NULL),
	(70, 'Творожная масса ведро ориг. (3кг)', 'Творожная масса ориг. (3кг)', 0, 0, 0.0, 0.0, 400.0, 400.0, 'кг.', 'кг.', NULL, NULL, NULL, NULL, NULL, NULL, NULL, NULL, NULL, NULL, NULL, NULL, NULL, NULL, NULL),
	(34, 'Творог весовой вакуум (5 кг)', 'Творог весовой вакуум (5 кг)', 0, 0, 1700.0, 1700.0, 1650.0, 1600.0, 'уп.', 'уп.', 'Творог ГОСТ в запайке 5 кг — это высококачественный продукт, соответствующий всем стандартам. Он обладает нежной текстурой и приятным вкусом, идеально подходит для приготовления различных блюд, десертов и как самостоятельный перекус.', 'Творог ГОСТ в запайке 5 кг — это высококачественный продукт, соответствующий всем стандартам. Он обладает нежной текстурой и приятным вкусом, идеально подходит для приготовления различных блюд, десертов и как самостоятельный перекус.', 'выпечка', 'выпечка', '34.png', '34.png', 2, 2, 1, 1, 'Состав: творог.', 'Состав: творог.', NULL, NULL, NULL),
	(35, 'Творог весовой вакуум (3 кг)', 'Творог весовой вакуум (3 кг)', 0, 0, 1000.0, 1000.0, 990.0, 960.0, 'кг.', 'кг.', 'Творог ГОСТ в запайке 3 кг — это натуральный продукт, который идеально подходит для приготовления запеканок, сырников и других блюд. Его высокое качество и вкус делают его отличным выбором для здорового питания.', 'Творог ГОСТ в запайке 3 кг — это натуральный продукт, который идеально подходит для приготовления запеканок, сырников и других блюд. Его высокое качество и вкус делают его отличным выбором для здорового питания.', 'выпечка', 'выпечка', '35.png', '35.png', 2, 2, 1, 1, 'Состав: творог.', 'Состав: творог.', NULL, NULL, NULL),
	(52, 'Ветеринарная справка', 'Ветеринарная справка', 0, 0, 0.0, 0.0, 200.0, 200.0, 'уп.', 'шт.', 'Ветеринарная справка', 'Ветеринарная справка', NULL, NULL, NULL, NULL, NULL, NULL, NULL, NULL, NULL, NULL, NULL, NULL, NULL),
	(51, 'Желе малина', 'Желе малина', 0, 0, 0.0, 0.0, 0.0, 0.0, 'уп.', 'кг.', 'Желе малина-?????? — это освежающий десерт с ягодным вкусом.', 'Желе малина-?????? — это освежающий десерт с ягодным вкусом.', 'из молока', 'из молока', '50.png', '50.png', 2, 2, 1, 1, 'Состав: малина, сахар, вода, желатин.', 'Состав: малина, сахар, вода, желатин.', NULL, NULL, NULL),
	(39, 'Желе ваниль с клубникой', 'Желе ваниль с клубникой', 0, 0, 0.0, 0.0, 120.0, 0.0, 'уп.', 'уп.', '', '', 'из молока', 'из молока', '38.png', '38.png', 2, 2, 1, 1, 'Состав: желатин, сахар, клубника, ваниль.', 'Состав: желатин, сахар, клубника, ваниль.', NULL, NULL, NULL),
	(40, 'Желе ваниль с малиной', 'Желе ваниль с малиной', 0, 0, 0.0, 0.0, 120.0, 0.0, 'уп.', 'уп.', '', '', 'из молока', 'из молока', '39.png', '39.png', 2, 2, 1, 1, 'Состав: желатин, сахар, малина, ваниль.', 'Состав: желатин, сахар, малина, ваниль.', NULL, NULL, NULL),
	(42, 'Желе киви с клубникой', 'Желе киви с клубникой', 0, 0, 0.0, 0.0, 120.0, 0.0, 'уп.', 'уп.', 'Желе киви с клубникой — это освежающий десерт, который сочетает в себе сладость клубники и кислинку киви.', 'Желе киви с клубникой — это освежающий десерт, который сочетает в себе сладость клубники и кислинку киви.', 'из молока', 'из молока', '41.png', '41.png', 2, 2, 1, 1, 'Состав: киви, клубника, сахар, вода, желатин.', 'Состав: киви, клубника, сахар, вода, желатин.', NULL, NULL, NULL),
	(51, 'Желе малина', 'Желе малина', 0, 0, 0.0, 0.0, 120.0, 0.0, 'уп.', 'уп.', 'Желе малина-?????? — это освежающий десерт с ягодным вкусом.', 'Желе малина-?????? — это освежающий десерт с ягодным вкусом.', 'из молока', 'из молока', '50.png', '50.png', 2, 2, 1, 1, 'Состав: малина, сахар, вода, желатин.', 'Состав: малина, сахар, вода, желатин.', NULL, NULL, NULL),
	(41, 'Желе манго с малиной', 'Желе манго с малиной', 0, 0, 0.0, 0.0, 120.0, 0.0, 'уп.', 'уп.', 'Желе манго с малиной — это освежающий десерт, который сочетает в себе сладость манго и кислинку малины.', 'Желе манго с малиной — это освежающий десерт, который сочетает в себе сладость манго и кислинку малины.', 'из молока', 'из молока', '50.png', '50.png', 2, 2, 1, 1, 'Состав: манго, малина, сахар, вода, желатин.', 'Состав: манго, малина, сахар, вода, желатин.', NULL, NULL, NULL),
	(2, 'Крем творожный с зеленью', 'Крем творожный с зеленью', 0, 0, 120.0, 99.0, 100.0, 90.0, '200гр.', '200гр.', '', '', 'кисломолочная', 'кисломолочная', '', '', 3, 3, 1, 1, '', '', NULL, NULL, NULL),
	(5, 'Молоко козье', 'Козье молоко', 1, 1, 250.0, 250.0, 180.0, 180.0, 'л.', 'л.', 'Козье молоко — это источник легко усваиваемых питательных веществ и витаминов. Оно идеально подходит для людей с непереносимостью коровьего молока. Попробуйте его в чистом виде или добавьте в ваши любимые блюда для получения уникального вкуса.', 'Козье молоко — это источник легко усваиваемых питательных веществ и витаминов. Оно идеально подходит для людей с непереносимостью коровьего молока. Попробуйте его в чистом виде или добавьте в ваши любимые блюда для получения уникального вкуса.', 'молоко', 'молоко', '5.png', '5.png', 5, 5, 1, 1, 'Состав: козье молоко, витамины.', 'Состав: козье молоко, витамины.', NULL, NULL, NULL),
	(25, 'Масло сливочное фермерское', 'Масло фермерское', 0, 0, 1100.0, 1100.0, 1050.0, 1050.0, 'кг.', 'кг.', 'Наше масло обладает насыщенным кремовым вкусом и нежной текстурой, что делает его идеальным для приготовления различных блюд, выпечки и намазывания на хлеб. Мы используем только натуральные ингредиенты и традиционные методы производства, чтобы сохранить все полезные свойства и вкус.', 'Наше масло обладает насыщенным кремовым вкусом и нежной текстурой, что делает его идеальным для приготовления различных блюд, выпечки и намазывания на хлеб. Мы используем только натуральные ингредиенты и традиционные методы производства, чтобы сохранить все полезные свойства и вкус.', 'из молока', 'из молока', '25.png', '25.png', 2, 2, 1, 1, 'Состав: масло, соль.', 'Состав: масло, соль.', NULL, NULL, NULL),
	(21, 'Сливки сепарированные ведро (3кг)', 'Сливки сепарированные ведро 3кг', 0, 0, 390.0, 390.0, 360.0, 360.0, 'кг.', 'кг.', 'Сепарированные сливки — это высококачественный молочный продукт, полученный путем сепарации молока. Они обладают насыщенным вкусом и идеально подходят для приготовления десертов, соусов и выпечки. Используйте их для создания кремов или как добавку к кофе.', 'Сепарированные сливки — это высококачественный молочный продукт, полученный путем сепарации молока. Они обладают насыщенным вкусом и идеально подходят для приготовления десертов, соусов и выпечки. Используйте их для создания кремов или как добавку к кофе.', 'из молока', 'из молока', '21.png', '21.png', 3, 3, 1, 1, 'Состав: сливки.', 'Состав: сливки.', NULL, NULL, NULL),
	(38, 'Сметана ГОСТ ведро (3кг)', 'Сметана ГОСТ ведро 3кг', 0, 0, 0.0, 0.0, 350.0, 350.0, 'кг.', 'кг.', 'Сметана ГОСТ — это натуральный молочный продукт с богатым вкусом и кремовой текстурой. Она идеально подходит для заправки салатов, приготовления соусов и как добавка к различным блюдам.', 'Сметана ГОСТ — это натуральный молочный продукт с богатым вкусом и кремовой текстурой. Она идеально подходит для заправки салатов, приготовления соусов и как добавка к различным блюдам.', 'из молока', 'из молока', '21.png', '21.png', 2, 2, 1, 1, 'Состав: сметана.', 'Состав: сметана.', NULL, NULL, NULL),
	(6, 'Сливки питьевые бутылка', 'Сливки питьевые', 0, 0, 150.0, 150.0, 150.0, 150.0, 'уп.', 'уп.', 'Наши питьевые сливки — это идеальный способ добавить кремовую текстуру и богатый вкус в ваши напитки и десерты. Они прекрасно подходят для кофе, чая или как основа для различных кулинарных шедевров.', 'Наши питьевые сливки — это идеальный способ добавить кремовую текстуру и богатый вкус в ваши напитки и десерты. Они прекрасно подходят для кофе, чая или как основа для различных кулинарных шедевров.', 'молоко', 'молоко', '6.png', '6.png', 4, 4, 1, 1, 'Состав: сливки, молоко.', 'Состав: сливки, молоко.', NULL, NULL, NULL),
	(26, 'Сыр Адыгейский (перец)', 'Сыр Адыгейский (перец/зелень)', 0, 0, 420.0, 420.0, 460.0, 460.0, 'кг.', 'кг.', 'Сыр Адыгейский с добавлением зелени и перца — это нежный и ароматный сыр, который отлично подходит для закусок, салатов и бутербродов. Его уникальный вкус и текстура делают его идеальным дополнением к любому блюду.', 'Сыр Адыгейский с добавлением зелени и перца — это нежный и ароматный сыр, который отлично подходит для закусок, салатов и бутербродов. Его уникальный вкус и текстура делают его идеальным дополнением к любому блюду.', 'сыр', 'сыр', '26.png', '26.png', 2, 2, 1, 1, 'Состав: сыр, зелень, перец.', 'Состав: сыр, зелень, перец.', NULL, NULL, NULL),
	(31, 'Сырники (уп 450гр.)', 'Сырники (уп 450гр.)', 0, 0, 0.0, 0.0, 230.0, 230.0, 'уп.', 'кг.', 'Сырники — это популярное блюдо из творога, обжаренное до золотистой корочки. Они идеально подходят для завтрака или десерта и могут подаваться с вареньем, сметаной или медом.', 'Сырники — это популярное блюдо из творога, обжаренное до золотистой корочки. Они идеально подходят для завтрака или десерта и могут подаваться с вареньем, сметаной или медом.', 'выпечка', 'выпечка', '31.webp', '31.webp', 2, 2, 1, 1, 'Состав: творог, яйца куриные, сахар-песок, мука в/с, соль, ванилин.', 'Состав: творог, яйца куриные, сахар-песок, мука в/с, соль, ванилин.', NULL, NULL, NULL),
	(66, 'Запеканка зебра', 'Запеканка шоколад/мини', 0, 0, 0.0, 0.0, 420.0, 420.0, 'кг.', 'кг.', 'Запеканка — это загадочный десерт, который стоит попробовать.', 'Запеканка — это загадочный десерт, который стоит попробовать.', NULL, NULL, '49.png', '49.png', NULL, NULL, NULL, NULL, NULL, NULL, NULL, NULL, NULL),
	(49, 'Запеканка микс. смородина-клубника-вишня-малина', 'Запеканка микс. смородина-клубника-вишня-малина', 0, 0, 0.0, 0.0, 450.0, 550.0, 'кг.', 'кг.', 'Запеканка с миксом ягод — это насыщенный вкус и аромат.', 'Запеканка с миксом ягод — это насыщенный вкус и аромат.', 'выпечка', 'выпечка', '48.png', '48.png', 2, 2, 1, 1, 'Состав: смородина, клубника, вишня, малина, творог, яйца, сахар, мука.', 'Состав: смородина, клубника, вишня, малина, творог, яйца, сахар, мука.', NULL, NULL, NULL),
	(48, 'Запеканка "сердечки" микс. киви-клубника-персик', 'Запеканка "сердечки" микс. киви-клубника-персик', 0, 0, 0.0, 0.0, 450.0, 550.0, 'кг.', 'кг.', 'Запеканка "сердечки" с киви и клубникой — это оригинальный десерт для особых случаев.', 'Запеканка "сердечки" с киви и клубникой — это оригинальный десерт для особых случаев.', 'выпечка', 'выпечка', '47.png', '47.png', 2, 2, 1, 1, 'Состав: киви, клубника, ????, творог, яйца, сахар, мука.', 'Состав: киви, клубника, ????, творог, яйца, сахар, мука.', NULL, NULL, NULL),
	(35, 'Творог весовой вакуум (3 кг)', 'Творог весовой вакуум (3 кг)', 0, 0, 1000.0, 1000.0, 990.0, 990.0, 'уп.', 'кг.', 'Творог ГОСТ в запайке 3 кг — это натуральный продукт, который идеально подходит для приготовления запеканок, сырников и других блюд. Его высокое качество и вкус делают его отличным выбором для здорового питания.', 'Творог ГОСТ в запайке 3 кг — это натуральный продукт, который идеально подходит для приготовления запеканок, сырников и других блюд. Его высокое качество и вкус делают его отличным выбором для здорового питания.', 'выпечка', 'выпечка', '35.png', '35.png', 2, 2, 1, 1, 'Состав: творог.', 'Состав: творог.', NULL, NULL, NULL),
	(2, 'Крем творожный с зеленью', 'Крем творожный с зеленью', 0, 0, 120.0, 120.0, 100.0, 100.0, '200гр.', '200гр.', '', '', 'кисломолочная', 'кисломолочная', '17.png', '', 3, 3, 1, 1, '', '', NULL, NULL, NULL),
	(53, 'Блины оригинальные', 'Блины оригинальные', 0, 0, 0.0, 0.0, 170.0, 170.0, 'уп.', 'уп.', NULL, NULL, 'выпечка', 'выпечка', '22.png', NULL, NULL, NULL, NULL, NULL, NULL, NULL, NULL, NULL, NULL),
	(53, 'Блины оригинальные', 'Блины оригинальные', 0, 0, 0.0, 0.0, 170.0, 170.0, 'уп.', 'уп.', NULL, NULL, 'выпечка', 'выпечка', '22.webp', '22.png', NULL, NULL, NULL, NULL, NULL, NULL, NULL, NULL, NULL),
	(24, 'Блины оригинальные с мясом', 'Блины оригинальные с мясом', 0, 0, 300.0, 300.0, 250.0, 250.0, 'уп.', 'уп.', 'Наши блинчики имеют тонкую, нежную текстуру и богатую начинку из отборного мяса, приготовленного с добавлением ароматных специй и свежих овощей. Каждый блинчик завернут с любовью и заботой, чтобы вы могли насладиться настоящим домашним вкусом.', 'Наши блинчики имеют тонкую, нежную текстуру и богатую начинку из отборного мяса, приготовленного с добавлением ароматных специй и свежих овощей. Каждый блинчик завернут с любовью и заботой, чтобы вы могли насладиться настоящим домашним вкусом.', 'выпечка', 'выпечка', '22.webp', '24.png', 3, 3, 1, 1, 'Состав: мука, мясо, специи, овощи.', 'Состав: мука, мясо, специи, овощи.', NULL, NULL, NULL),
	(22, 'Блины оригинальные с творогом', 'Блины оригинальные с творогом', 0, 0, 300.0, 300.0, 250.0, 250.0, 'уп.', 'уп.', 'Блинчики оригинальные с творогом — это вкусное и сытное блюдо, приготовленное из тонкого теста и нежного творога. Они идеально подходят для завтрака или перекуса и могут быть поданы как с сахаром, так и с вареньем.', 'Блинчики оригинальные с творогом — это вкусное и сытное блюдо, приготовленное из тонкого теста и нежного творога. Они идеально подходят для завтрака или перекуса и могут быть поданы как с сахаром, так и с вареньем.', 'выпечка', 'выпечка', '22.webp', '22.png', 3, 3, 1, 1, 'Состав: мука, творог, яйца, сахар.', 'Состав: мука, творог, яйца, сахар.', NULL, NULL, NULL),
	(47, 'Запеканка микс, малина-персик', 'Запеканка микс, малина-персик', 0, 0, 0.0, 0.0, 450.0, 450.0, 'кг.', 'кг.', 'Запеканка с малиной и ???? — это интересный десерт с неожиданным вкусом.', 'Запеканка с малиной и ???? — это интересный десерт с неожиданным вкусом.', 'выпечка', 'выпечка', '46.webp', '46.png', 2, 2, 1, 1, 'Состав: малина, ????, творог, яйца, сахар, мука.', 'Состав: малина, ????, творог, яйца, сахар, мука.', NULL, NULL, NULL),
	(49, 'Запеканка микс. смородина-клубника-вишня-малина', 'Запеканка микс. смородина-клубника-вишня-малина', 0, 0, 0.0, 0.0, 450.0, 450.0, 'кг.', 'кг.', 'Запеканка с миксом ягод — это насыщенный вкус и аромат.', 'Запеканка с миксом ягод — это насыщенный вкус и аромат.', 'выпечка', 'выпечка', '48.webp', '48.png', 2, 2, 1, 1, 'Состав: смородина, клубника, вишня, малина, творог, яйца, сахар, мука.', 'Состав: смородина, клубника, вишня, малина, творог, яйца, сахар, мука.', NULL, NULL, NULL),
	(4, 'Сыворотка', 'Сыворотка', 0, 0, 60.0, 60.0, 60.0, 60.0, 'л.', 'л.', 'Наша сыворотка — это натуральный продукт, полученный в процессе производства сыра. Она богата белками и витаминами, что делает её отличным дополнением к вашему рациону. Используйте сыворотку для приготовления смузи, выпечки или как освежающий напиток.', 'Наша сыворотка — это натуральный продукт, полученный в процессе производства сыра. Она богата белками и витаминами, что делает её отличным дополнением к вашему рациону. Используйте сыворотку для приготовления смузи, выпечки или как освежающий напиток.', 'из молока', 'сладкое', '4.png', '4.png', 3, 3, 1, 1, 'Состав: сыворотка, белки, витамины.', 'Состав: сыворотка, белки, витамины.', NULL, NULL, NULL),
	(9, 'Мацони', 'Мацони', 1, 1, 90.0, 90.0, 90.0, 90.0, 'уп.', 'уп.', 'Наш мацони обладает кремовой текстурой и легкой кислинкой, что делает его идеальным как для самостоятельного употребления, так и в качестве ингредиента в различных блюдах. Приготовленный по традиционным рецептам, он не содержит искусственных добавок и консервантов.', 'Наш мацони обладает кремовой текстурой и легкой кислинкой, что делает его идеальным как для самостоятельного употребления, так и в качестве ингредиента в различных блюдах. Приготовленный по традиционным рецептам, он не содержит искусственных добавок и консервантов.', 'кисломолочная', 'сладкое', '9.png', '9.png', 3, 3, 1, 1, 'Состав: молоко, закваска.', 'Состав: молоко, закваска.', NULL, NULL, NULL),
	(58, 'Сырники (весовые)', 'Сырники (весовые)', 0, 0, 0.0, 0.0, 450.0, 450.0, 'кг.', 'кг.', 'Сырники — это популярное блюдо из творога, обжаренное до золотистой корочки. Они идеально подходят для завтрака или десерта и могут подаваться с вареньем, сметаной или медом.', 'Сырники — это популярное блюдо из творога, обжаренное до золотистой корочки. Они идеально подходят для завтрака или десерта и могут подаваться с вареньем, сметаной или медом.', 'выпечка', NULL, '31.webp', '31.webp', 2, 2, 1, 1, 'Состав: творог, яйца куриные, сахар-песок, мука в/с, соль, ванилин.', 'Состав: творог, яйца куриные, сахар-песок, мука в/с, соль, ванилин.', NULL, NULL, NULL),
	(59, 'Творожная ватрушка (оригинал/мини)', 'Творожная ватрушка (оригинал/мини)', 0, 0, 0.0, 0.0, 420.0, 420.0, 'кг.', 'кг.', NULL, NULL, 'выпечка', NULL, NULL, NULL, NULL, NULL, NULL, NULL, NULL, NULL, NULL, NULL, NULL),
	(60, 'Сметанник', 'Сметанник', 0, 0, 0.0, 0.0, 450.0, 450.0, 'шт.', 'шт.', NULL, NULL, 'выпечка', NULL, NULL, NULL, NULL, NULL, NULL, NULL, NULL, NULL, NULL, NULL, NULL),
	(61, 'Рулет сырный', 'Рулет сырный', 0, 0, 0.0, 0.0, 480.0, 480.0, 'кг.', 'кг.', NULL, NULL, 'сыр', NULL, NULL, NULL, NULL, NULL, NULL, NULL, NULL, NULL, NULL, NULL, NULL),
	(62, 'Запеканка вишня/мини', 'Запеканка вишня/мини', 0, 0, 0.0, 0.0, 420.0, 420.0, 'кг.', 'кг.', 'аквыаываываы', 'аквыаываываы', 'выпечка', NULL, '27.png', '27.png', 2, 2, NULL, NULL, 'Состав: творог, вишня, сахар.', 'Состав: творог, вишня, сахар.', NULL, NULL, NULL),
	(63, 'Запеканка изюм.мини', 'Запеканка изюм.мини', 0, 0, 0.0, 0.0, 420.0, 420.0, 'кг.', 'кг.', NULL, NULL, 'выпечка', NULL, '27.png', '27.png', 3, 3, NULL, NULL, 'Состав: творог, изюм, сахар.', 'Состав: творог, изюм, сахар.', NULL, NULL, NULL),
	(64, 'Запеканка цукаты/мини', 'Запеканка цукаты/мини', 0, 0, 0.0, 0.0, 420.0, 420.0, 'кг.', 'кг.', NULL, NULL, 'выпечка', NULL, NULL, NULL, NULL, NULL, NULL, NULL, NULL, NULL, NULL, NULL, NULL),
	(65, 'Запеканка курага/мини', 'Запеканка курага/мини', 0, 0, 0.0, 0.0, 420.0, 420.0, 'кг.', 'кг.', NULL, NULL, 'выпечка', NULL, '27.png', '27.png', NULL, NULL, NULL, NULL, 'Состав: творог, курага, сахар.', 'Состав: творог, курага, сахар.', NULL, NULL, NULL),
	(66, 'Запеканка зебра', 'Запеканка зебра', 0, 0, 0.0, 0.0, 420.0, 420.0, 'кг.', 'кг.', 'Запеканка — это загадочный десерт, который стоит попробовать.', 'Запеканка — это загадочный десерт, который стоит попробовать.', 'выпечка', NULL, '49.png', '49.png', NULL, NULL, NULL, NULL, NULL, NULL, NULL, NULL, NULL),
	(67, 'Запеканка оригинальная/мини', 'Запеканка оригинальная/мини', 0, 0, 0.0, 0.0, 420.0, 420.0, 'кг.', 'кг.', NULL, NULL, 'выпечка', NULL, NULL, NULL, NULL, NULL, NULL, NULL, NULL, NULL, NULL, NULL, NULL),
	(69, 'Творог (форма)', 'Творог (форма)', 0, 0, 0.0, 0.0, 350.0, 350.0, 'кг.', 'кг.', NULL, NULL, 'из молока', NULL, NULL, NULL, NULL, NULL, NULL, NULL, 'Состав: творог', 'Состав: творог', NULL, NULL, NULL),
	(70, 'Творожная масса ведро ориг. (3кг)', 'Творожная масса ведро ориг. (3кг)', 0, 0, 0.0, 0.0, 400.0, 400.0, 'кг.', 'кг.', NULL, NULL, 'из молока', NULL, NULL, NULL, NULL, NULL, NULL, NULL, NULL, NULL, NULL, NULL, NULL),
	(71, 'Творожная масса ведро вишня (3кг)', 'Творожная масса ведро вишня (3кг)', 1, 1, 0.0, 0.0, 400.0, 400.0, 'кг.', 'кг.', NULL, NULL, 'из молока', NULL, NULL, NULL, NULL, NULL, NULL, NULL, NULL, NULL, NULL, NULL, NULL),
	(72, 'Творожная масса ведро изюм. (3кг)', 'Творожная масса ведро изюм. (3кг)', 1, 1, 0.0, 0.0, 400.0, 400.0, 'кг.', 'кг.', NULL, NULL, 'из молока', NULL, NULL, NULL, NULL, NULL, NULL, NULL, NULL, NULL, NULL, NULL, NULL),
	(73, 'Сыр Адыгейский зелень/перец стакан (650гр)', 'Сыр Адыгейский зелень/перец стакан (650гр)', 1, 1, 0.0, 0.0, 480.0, 480.0, 'уп.', 'уп.', NULL, NULL, 'сыр', NULL, NULL, NULL, NULL, NULL, NULL, NULL, NULL, NULL, NULL, NULL, NULL),
	(1, 'Молоко натуральное цельное', 'Молоко натуральное цельное', 1, 1, 110.0, 110.0, 105.0, 105.0, 'л', 'л', 'Наше натуральное цельное молоко — это продукт высшего качества, полученный от здоровых коров, которые питаются только натуральными кормами. Это молоко сохраняет все полезные свойства и витамины, что делает его идеальным выбором для всей семьи. Оно обладает насыщенным вкусом и кремовой текстурой, что делает его отличным дополнением к вашему рациону.', 'Наше натуральное цельное молоко — это продукт высшего качества, полученный от здоровых коров, которые питаются только натуральными кормами. Это молоко сохраняет все полезные свойства и витамины, что делает его идеальным выбором для всей семьи. Оно обладает насыщенным вкусом и кремовой текстурой, что делает его отличным дополнением к вашему рациону.', '1', 'молоко', '1.webp', '1.webp', 4, 4, 1, 1, 'Состав: молоко, витамины, полезные свойства.', 'Состав: молоко, витамины, полезные свойства.', 1, 1, NULL),
	(5, 'Молоко козье', 'Молоко козье', 1, 1, 250.0, 250.0, 180.0, 180.0, 'л.', 'л.', 'Козье молоко — это источник легко усваиваемых питательных веществ и витаминов. Оно идеально подходит для людей с непереносимостью коровьего молока. Попробуйте его в чистом виде или добавьте в ваши любимые блюда для получения уникального вкуса.', 'Козье молоко — это источник легко усваиваемых питательных веществ и витаминов. Оно идеально подходит для людей с непереносимостью коровьего молока. Попробуйте его в чистом виде или добавьте в ваши любимые блюда для получения уникального вкуса.', '1', 'молоко', '5.png', '5.png', 5, 5, 1, 1, 'Состав: козье молоко, витамины.', 'Состав: козье молоко, витамины.', NULL, NULL, NULL),
	(6, 'Сливки питьевые бутылка', 'Сливки питьевые бутылка', 0, 0, 150.0, 150.0, 150.0, 150.0, 'уп.', 'уп.', 'Наши питьевые сливки — это идеальный способ добавить кремовую текстуру и богатый вкус в ваши напитки и десерты. Они прекрасно подходят для кофе, чая или как основа для различных кулинарных шедевров.', 'Наши питьевые сливки — это идеальный способ добавить кремовую текстуру и богатый вкус в ваши напитки и десерты. Они прекрасно подходят для кофе, чая или как основа для различных кулинарных шедевров.', '1', 'молоко', '6.png', '6.png', 4, 4, 1, 1, 'Состав: сливки, молоко.', 'Состав: сливки, молоко.', NULL, NULL, NULL),
	(8, 'Молоко топленое', 'Молоко топленое', 0, 0, 90.0, 90.0, 90.0, 90.0, '0,5л', '0,5л', 'Топленое молоко — это традиционный продукт, обладающий насыщенным вкусом и ароматом. Оно проходит специальную обработку, что придаёт ему уникальные свойства. Используйте его для приготовления каш, выпечки или просто наслаждайтесь в чистом виде.', 'Топленое молоко — это традиционный продукт, обладающий насыщенным вкусом и ароматом. Оно проходит специальную обработку, что придаёт ему уникальные свойства. Используйте его для приготовления каш, выпечки или просто наслаждайтесь в чистом виде.', '1', 'молоко', '8.webp', '8.webp', 3, 3, 1, 1, 'Состав: топленое молоко.', 'Состав: топленое молоко.', NULL, NULL, NULL),
	(2, 'Крем творожный с зеленью', 'Крем творожный с зеленью', 0, 0, 120.0, 120.0, 100.0, 100.0, '200гр.', '200гр.', '', '', 'кисломо2лочная', 'кисломолочная', '17.png', '17.png', 3, 3, 1, 1, '', '', NULL, NULL, NULL),
	(3, 'Кефир', 'Кефир', 1, 1, 90.0, 90.0, 90.0, 90.0, '0,5л', '0,5л', 'Откройте для себя уникальный вкус и пользу нашего кефира, изготовленного из свежего молока, полученного от лучших фермеров Рязанской области. Этот продукт — идеальный выбор для тех, кто стремится к здоровому образу жизни и ценит натуральные ингредиенты.', 'Откройте для себя уникальный вкус и пользу нашего кефира, изготовленного из свежего молока, полученного от лучших фермеров Рязанской области. Этот продукт — идеальный выбор для тех, кто стремится к здоровому образу жизни и ценит натуральные ингредиенты.', '2', 'кисломолочная', '3.webp', '3.webp', 3, 3, 2, 2, 'Состав: кефир, молоко, закваска.', 'Состав: кефир, молоко, закваска.', NULL, NULL, NULL),
	(2, 'Крем творожный с зеленью', 'Крем творожный с зеленью', 0, 0, 120.0, 120.0, 100.0, 100.0, '200гр.', '200гр.', '', '', '2', 'кисломо2лочная', '17.png', '17.png', 3, 3, 1, 1, '', '', NULL, NULL, NULL),
	(7, 'Йогурт питьевой', 'Йогурт питьевой', 0, 0, 90.0, 90.0, 100.0, 100.0, '0,5л', '0,5л', 'Наш йогурт — это вкусный и полезный продукт, приготовленный из натурального молока с добавлением живых культур. Он богат пробиотиками, которые способствуют здоровью пищеварительной системы. Идеален как для завтрака, так и для перекуса.', 'Наш йогурт — это вкусный и полезный продукт, приготовленный из натурального молока с добавлением живых культур. Он богат пробиотиками, которые способствуют здоровью пищеварительной системы. Идеален как для завтрака, так и для перекуса.', '2', 'кисломолочная', '7.png', '7.png', 2, 2, 1, 1, 'Состав: молоко, закваска, пробиотики.', 'Состав: молоко, закваска, пробиотики.', NULL, NULL, NULL),
	(9, 'Мацони', 'Мацони', 1, 1, 90.0, 90.0, 90.0, 90.0, 'уп.', 'уп.', 'Наш мацони обладает кремовой текстурой и легкой кислинкой, что делает его идеальным как для самостоятельного употребления, так и в качестве ингредиента в различных блюдах. Приготовленный по традиционным рецептам, он не содержит искусственных добавок и консервантов.', 'Наш мацони обладает кремовой текстурой и легкой кислинкой, что делает его идеальным как для самостоятельного употребления, так и в качестве ингредиента в различных блюдах. Приготовленный по традиционным рецептам, он не содержит искусственных добавок и консервантов.', '2', 'кисломолочная', '9.png', '9.png', 3, 3, 1, 1, 'Состав: молоко, закваска.', 'Состав: молоко, закваска.', NULL, NULL, NULL),
	(10, 'Ряженка', 'Ряженка', 0, 0, 500.0, 500.0, 450.0, 450.0, 'уп.', 'уп.', 'Ряженка — это традиционный кисломолочный продукт, обладающий нежным вкусом и ароматом. Она изготовлена из натурального молока и заквашена специальными культурами, что делает её полезной для пищеварения. Идеально подходит для завтрака или в качестве легкого перекуса.', 'Ряженка — это традиционный кисломолочный продукт, обладающий нежным вкусом и ароматом. Она изготовлена из натурального молока и заквашена специальными культурами, что делает её полезной для пищеварения. Идеально подходит для завтрака или в качестве легкого перекуса.', '2', 'кисломолочная', '10.png', '10.png', 3, 3, 1, 1, 'Состав: молоко, закваска.', 'Состав: молоко, закваска.', NULL, NULL, NULL),
	(11, 'Варенец', 'Варенец', 0, 0, 100.0, 100.0, 100.0, 100.0, '0,5л', '0,5л', 'Варенец — это сладкий кисломолочный напиток, приготовленный из топленого молока. Он обладает насыщенным вкусом и приятной кремовой текстурой. Варенец отлично подходит как для десерта, так и для утоления жажды.', 'Варенец — это сладкий кисломолочный напиток, приготовленный из топленого молока. Он обладает насыщенным вкусом и приятной кремовой текстурой. Варенец отлично подходит как для десерта, так и для утоления жажды.', '2', 'кисломолочная', '11.png', '11.png', 3, 3, 1, 1, 'Состав: топленое молоко, сахар.', 'Состав: топленое молоко, сахар.', NULL, NULL, NULL),
	(12, 'Творожная масса(с клубникой)', 'Творожная масса(с клубникой)', 0, 0, 90.0, 90.0, 100.0, 100.0, '200гр.', '200гр.', 'Творожная масса с клубникой — это вкусное и полезное лакомство, которое сочетает в себе нежный творог и сладкие ягоды. Идеально подходит для завтрака, десертов или как перекус. Наслаждайтесь натуральным вкусом и ароматом свежей клубники.', 'Творожная масса с клубникой — это вкусное и полезное лакомство, которое сочетает в себе нежный творог и сладкие ягоды. Идеально подходит для завтрака, десертов или как перекус. Наслаждайтесь натуральным вкусом и ароматом свежей клубники.', '2', 'кисломолочная', '12.png', '12.png', 3, 3, 1, 1, 'Состав: творог, клубника, сахар.', 'Состав: творог, клубника, сахар.', NULL, NULL, NULL),
	(13, 'Творожная масса(с ягодами)', 'Творожная масса(с ягодами)', 0, 0, 90.0, 90.0, 100.0, 100.0, '200гр.', '200гр.', 'Творожная масса с ягодами — это идеальное сочетание нежного творога и разнообразных ягод. Этот продукт не только вкусный, но и полезный, благодаря витаминам и антиоксидантам, содержащимся в ягодах. Отлично подходит для завтрака или десерта.', 'Творожная масса с ягодами — это идеальное сочетание нежного творога и разнообразных ягод. Этот продукт не только вкусный, но и полезный, благодаря витаминам и антиоксидантам, содержащимся в ягодах. Отлично подходит для завтрака или десерта.', '2', 'кисломолочная', '13.png', '13.png', 3, 3, 1, 1, 'Состав: творог, ягоды, сахар.', 'Состав: творог, ягоды, сахар.', NULL, NULL, NULL),
	(14, 'Творожная масса(шоколадная)', 'Творожная масса(шоколадная)', 0, 0, 90.0, 90.0, 100.0, 100.0, '200гр.', '200гр.', 'Творожная масса с шоколадом — это сладкое и питательное лакомство, которое порадует любителей шоколада. Нежный творог в сочетании с насыщенным шоколадным вкусом делает этот продукт идеальным для десертов или как перекус.', 'Творожная масса с шоколадом — это сладкое и питательное лакомство, которое порадует любителей шоколада. Нежный творог в сочетании с насыщенным шоколадным вкусом делает этот продукт идеальным для десертов или как перекус.', '2', 'кисломолочная', '14.png', '14.png', 3, 3, 1, 1, 'Состав: творог, шоколад, сахар.', 'Состав: творог, шоколад, сахар.', NULL, NULL, NULL),
	(54, 'Кефир', 'Кефир', 0, 0, 0.0, 0.0, 130.0, 130.0, '1л.', '1л.', NULL, NULL, '2', 'кисломолочная', '3.webp', '3.webp', NULL, NULL, NULL, NULL, NULL, NULL, NULL, NULL, NULL),
	(4, 'Сыворотка', 'Сыворотка', 0, 0, 60.0, 60.0, 60.0, 60.0, 'л.', 'л.', 'Наша сыворотка — это натуральный продукт, полученный в процессе производства сыра. Она богата белками и витаминами, что делает её отличным дополнением к вашему рациону. Используйте сыворотку для приготовления смузи, выпечки или как освежающий напиток.', 'Наша сыворотка — это натуральный продукт, полученный в процессе производства сыра. Она богата белками и витаминами, что делает её отличным дополнением к вашему рациону. Используйте сыворотку для приготовления смузи, выпечки или как освежающий напиток.', '3', 'из молока', '4.png', '4.png', 3, 3, 1, 1, 'Состав: сыворотка, белки, витамины.', 'Состав: сыворотка, белки, витамины.', NULL, NULL, NULL),
	(16, 'Панакота', 'Панакота', 0, 0, 150.0, 150.0, 120.0, 120.0, '200гр.', '200гр.', 'Панакота — это итальянский десерт на основе сливок, который обладает нежной текстурой и легким ванильным вкусом. Этот десерт идеально подходит для завершения любого обеда или ужина и может быть подан с различными соусами.', 'Панакота — это итальянский десерт на основе сливок, который обладает нежной текстурой и легким ванильным вкусом. Этот десерт идеально подходит для завершения любого обеда или ужина и может быть подан с различными соусами.', '3', 'из молока', '16.png', '16.png', 3, 3, 1, 1, 'Состав: сливки, сахар, желатин, ваниль.', 'Состав: сливки, сахар, желатин, ваниль.', NULL, NULL, NULL),
	(18, 'Панакота 2', 'Панакота 2', 0, 0, 120.0, 120.0, 120.0, 120.0, '200гр.', '200гр.', 'Панакота 2 — это вариация классического итальянского десерта, приготовленная с использованием высококачественных ингредиентов. Нежная текстура и изысканный вкус делают её идеальным выбором для любителей сладкого.', 'Панакота 2 — это вариация классического итальянского десерта, приготовленная с использованием высококачественных ингредиентов. Нежная текстура и изысканный вкус делают её идеальным выбором для любителей сладкого.', '3', 'из молока', '18.png', '18.png', 3, 3, 1, 1, 'Состав: сливки, сахар, желатин, ваниль.', 'Состав: сливки, сахар, желатин, ваниль.', NULL, NULL, NULL),
	(19, 'Панакота с фруктами', 'Панакота с фруктами', 0, 0, 120.0, 120.0, 120.0, 120.0, '200гр.', '200гр.', 'Панакота с фруктами — это освежающий десерт, который сочетает в себе нежную панакоту и свежие фрукты. Идеально подходит для летнего угощения или как легкий десерт после обеда.', 'Панакота с фруктами — это освежающий десерт, который сочетает в себе нежную панакоту и свежие фрукты. Идеально подходит для летнего угощения или как легкий десерт после обеда.', '3', 'из молока', '19.png', '19.png', 3, 3, 1, 1, 'Состав: сливки, сахар, фрукты, желатин.', 'Состав: сливки, сахар, фрукты, желатин.', NULL, NULL, NULL),
	(20, 'Панакота с ягодами', 'Панакота с ягодами', 0, 0, 120.0, 120.0, 120.0, 120.0, '200гр.', '200гр.', 'Панакота с ягодами — это изысканный десерт, который сочетает в себе нежную текстуру панакоты и сладкие ягоды. Этот десерт станет отличным завершением любого приема пищи и порадует любителей ягод.', 'Панакота с ягодами — это изысканный десерт, который сочетает в себе нежную текстуру панакоты и сладкие ягоды. Этот десерт станет отличным завершением любого приема пищи и порадует любителей ягод.', '3', 'из молока', '20.png', '20.png', 3, 3, 1, 1, 'Состав: сливки, сахар, ягоды, желатин.', 'Состав: сливки, сахар, ягоды, желатин.', NULL, NULL, NULL),
	(21, 'Сливки сепарированные ведро (3кг)', 'Сливки сепарированные ведро (3кг)', 0, 0, 390.0, 390.0, 360.0, 360.0, 'кг.', 'кг.', 'Сепарированные сливки — это высококачественный молочный продукт, полученный путем сепарации молока. Они обладают насыщенным вкусом и идеально подходят для приготовления десертов, соусов и выпечки. Используйте их для создания кремов или как добавку к кофе.', 'Сепарированные сливки — это высококачественный молочный продукт, полученный путем сепарации молока. Они обладают насыщенным вкусом и идеально подходят для приготовления десертов, соусов и выпечки. Используйте их для создания кремов или как добавку к кофе.', '3', 'из молока', '21.png', '21.png', 3, 3, 1, 1, 'Состав: сливки.', 'Состав: сливки.', NULL, NULL, NULL),
	(25, 'Масло сливочное фермерское', 'Масло сливочное фермерское', 0, 0, 1100.0, 1100.0, 1050.0, 1050.0, 'кг.', 'кг.', 'Наше масло обладает насыщенным кремовым вкусом и нежной текстурой, что делает его идеальным для приготовления различных блюд, выпечки и намазывания на хлеб. Мы используем только натуральные ингредиенты и традиционные методы производства, чтобы сохранить все полезные свойства и вкус.', 'Наше масло обладает насыщенным кремовым вкусом и нежной текстурой, что делает его идеальным для приготовления различных блюд, выпечки и намазывания на хлеб. Мы используем только натуральные ингредиенты и традиционные методы производства, чтобы сохранить все полезные свойства и вкус.', '3', 'из молока', '25.png', '25.png', 2, 2, 1, 1, 'Состав: масло, соль.', 'Состав: масло, соль.', NULL, NULL, NULL),
	(28, 'Творог топленый', 'Творог топленый', 0, 0, 500.0, 500.0, 460.0, 460.0, 'кг.', 'кг.', 'Топленый творог — это натуральный продукт с насыщенным вкусом и кремовой текстурой. Он идеально подходит для приготовления десертов, запеканок или как самостоятельный перекус. Наслаждайтесь его полезными свойствами и вкусом.', 'Топленый творог — это натуральный продукт с насыщенным вкусом и кремовой текстурой. Он идеально подходит для приготовления десертов, запеканок или как самостоятельный перекус. Наслаждайтесь его полезными свойствами и вкусом.', '3', 'из молока', '28.png', '28.png', 2, 2, 1, 1, 'Состав: творог.', 'Состав: творог.', NULL, NULL, NULL),
	(30, 'Творог пластовой (таз)', 'Творог пластовой (таз)', 0, 0, 0.0, 0.0, 340.0, 340.0, 'кг.', 'кг.', 'Пластовой творог — это продукт с нежной текстурой, который идеально подходит для приготовления десертов, запеканок и начинок. Он богат белком и полезными веществами, что делает его отличным выбором для здорового питания.', 'Пластовой творог — это продукт с нежной текстурой, который идеально подходит для приготовления десертов, запеканок и начинок. Он богат белком и полезными веществами, что делает его отличным выбором для здорового питания.', '3', 'из молока', '30.png', '30.png', 2, 2, 1, 1, 'Состав: творог.', 'Состав: творог.', NULL, NULL, NULL),
	(38, 'Сметана ГОСТ ведро (3кг)', 'Сметана ГОСТ ведро (3кг)', 0, 0, 0.0, 0.0, 350.0, 350.0, 'кг.', 'кг.', 'Сметана ГОСТ — это натуральный молочный продукт с богатым вкусом и кремовой текстурой. Она идеально подходит для заправки салатов, приготовления соусов и как добавка к различным блюдам.', 'Сметана ГОСТ — это натуральный молочный продукт с богатым вкусом и кремовой текстурой. Она идеально подходит для заправки салатов, приготовления соусов и как добавка к различным блюдам.', '3', 'из молока', '21.png', '21.png', 2, 2, 1, 1, 'Состав: сметана.', 'Состав: сметана.', NULL, NULL, NULL),
	(39, 'Желе ваниль с клубникой', 'Желе ваниль с клубникой', 0, 0, 0.0, 0.0, 120.0, 120.0, 'уп.', 'уп.', '', '', '3', 'из молока', '38.png', '38.png', 2, 2, 1, 1, 'Состав: желатин, сахар, клубника, ваниль.', 'Состав: желатин, сахар, клубника, ваниль.', NULL, NULL, NULL),
	(40, 'Желе ваниль с малиной', 'Желе ваниль с малиной', 0, 0, 0.0, 0.0, 120.0, 120.0, 'уп.', 'уп.', '', '', '3', 'из молока', '39.png', '39.png', 2, 2, 1, 1, 'Состав: желатин, сахар, малина, ваниль.', 'Состав: желатин, сахар, малина, ваниль.', NULL, NULL, NULL),
	(41, 'Желе манго с малиной', 'Желе манго с малиной', 0, 0, 0.0, 0.0, 120.0, 120.0, 'уп.', 'уп.', 'Желе манго с малиной — это освежающий десерт, который сочетает в себе сладость манго и кислинку малины.', 'Желе манго с малиной — это освежающий десерт, который сочетает в себе сладость манго и кислинку малины.', '3', 'из молока', '50.png', '50.png', 2, 2, 1, 1, 'Состав: манго, малина, сахар, вода, желатин.', 'Состав: манго, малина, сахар, вода, желатин.', NULL, NULL, NULL),
	(42, 'Желе киви с клубникой', 'Желе киви с клубникой', 0, 0, 0.0, 0.0, 120.0, 120.0, 'уп.', 'уп.', 'Желе киви с клубникой — это освежающий десерт, который сочетает в себе сладость клубники и кислинку киви.', 'Желе киви с клубникой — это освежающий десерт, который сочетает в себе сладость клубники и кислинку киви.', '3', 'из молока', '41.png', '41.png', 2, 2, 1, 1, 'Состав: киви, клубника, сахар, вода, желатин.', 'Состав: киви, клубника, сахар, вода, желатин.', NULL, NULL, NULL),
	(51, 'Желе малина', 'Желе малина', 0, 0, 0.0, 0.0, 120.0, 120.0, 'уп.', 'уп.', 'Желе малина-?????? — это освежающий десерт с ягодным вкусом.', 'Желе малина-?????? — это освежающий десерт с ягодным вкусом.', '3', 'из молока', '50.png', '50.png', 2, 2, 1, 1, 'Состав: малина, сахар, вода, желатин.', 'Состав: малина, сахар, вода, желатин.', NULL, NULL, NULL),
	(56, 'Молоко топленое', 'Молоко топленое', 0, 0, 0.0, 0.0, 130.0, 130.0, '1л.', '1л.', NULL, NULL, '3', 'из молока', '8.webp', '8.webp', NULL, NULL, NULL, NULL, NULL, NULL, NULL, NULL, NULL),
	(57, 'Масло топленое контейнер', 'Масло топленое контейнер', 0, 0, 0.0, 0.0, 250.0, 250.0, '200гр.', '200гр.', NULL, NULL, '3', 'из молока', '15.png', '15.png', NULL, NULL, NULL, NULL, NULL, NULL, NULL, NULL, NULL),
	(69, 'Творог (форма)', 'Творог (форма)', 0, 0, 0.0, 0.0, 350.0, 350.0, 'кг.', 'кг.', NULL, NULL, '3', 'из молока', NULL, NULL, NULL, NULL, NULL, NULL, 'Состав: творог', 'Состав: творог', NULL, NULL, NULL),
	(70, 'Творожная масса ведро ориг. (3кг)', 'Творожная масса ведро ориг. (3кг)', 0, 0, 0.0, 0.0, 400.0, 400.0, 'кг.', 'кг.', NULL, NULL, '3', 'из молока', NULL, NULL, NULL, NULL, NULL, NULL, NULL, NULL, NULL, NULL, NULL),
	(71, 'Творожная масса ведро вишня (3кг)', 'Творожная масса ведро вишня (3кг)', 1, 1, 0.0, 0.0, 400.0, 400.0, 'кг.', 'кг.', NULL, NULL, '3', 'из молока', NULL, NULL, NULL, NULL, NULL, NULL, NULL, NULL, NULL, NULL, NULL),
	(72, 'Творожная масса ведро изюм. (3кг)', 'Творожная масса ведро изюм. (3кг)', 1, 1, 0.0, 0.0, 400.0, 400.0, 'кг.', 'кг.', NULL, NULL, '3', 'из молока', NULL, NULL, NULL, NULL, NULL, NULL, NULL, NULL, NULL, NULL, NULL),
	(22, 'Блины оригинальные с творогом', 'Блины оригинальные с творогом', 0, 0, 300.0, 300.0, 250.0, 250.0, 'уп.', 'уп.', 'Блинчики оригинальные с творогом — это вкусное и сытное блюдо, приготовленное из тонкого теста и нежного творога. Они идеально подходят для завтрака или перекуса и могут быть поданы как с сахаром, так и с вареньем.', 'Блинчики оригинальные с творогом — это вкусное и сытное блюдо, приготовленное из тонкого теста и нежного творога. Они идеально подходят для завтрака или перекуса и могут быть поданы как с сахаром, так и с вареньем.', '4', 'выпечка', '22.webp', '22.webp', 3, 3, 1, 1, 'Состав: мука, творог, яйца, сахар.', 'Состав: мука, творог, яйца, сахар.', NULL, NULL, NULL),
	(23, 'Творожная ватрушка (шоколад/мини)', 'Творожная ватрушка (шоколад/мини)', 0, 0, 380.0, 380.0, 420.0, 420.0, 'кг.', 'кг.', 'Творожная ватрушка — это аппетитная выпечка с нежной творожной начинкой и шоколадным вкусом. Она станет отличным дополнением к чаю или кофе и порадует любителей сладкого. Идеально подходит для угощения гостей или как десерт на праздник.', 'Творожная ватрушка — это аппетитная выпечка с нежной творожной начинкой и шоколадным вкусом. Она станет отличным дополнением к чаю или кофе и порадует любителей сладкого. Идеально подходит для угощения гостей или как десерт на праздник.', '4', 'выпечка', '23.png', '23.png', 3, 3, 1, 1, 'Состав: мука, творог, шоколад, сахар.', 'Состав: мука, творог, шоколад, сахар.', NULL, NULL, NULL),
	(24, 'Блины оригинальные с мясом', 'Блины оригинальные с мясом', 0, 0, 300.0, 300.0, 250.0, 250.0, 'уп.', 'уп.', 'Наши блинчики имеют тонкую, нежную текстуру и богатую начинку из отборного мяса, приготовленного с добавлением ароматных специй и свежих овощей. Каждый блинчик завернут с любовью и заботой, чтобы вы могли насладиться настоящим домашним вкусом.', 'Наши блинчики имеют тонкую, нежную текстуру и богатую начинку из отборного мяса, приготовленного с добавлением ароматных специй и свежих овощей. Каждый блинчик завернут с любовью и заботой, чтобы вы могли насладиться настоящим домашним вкусом.', '4', 'выпечка', '22.webp', '22.webp', 3, 3, 1, 1, 'Состав: мука, мясо, специи, овощи.', 'Состав: мука, мясо, специи, овощи.', NULL, NULL, NULL),
	(31, 'Сырники (уп 450гр.)', 'Сырники (уп 450гр.)', 0, 0, 0.0, 0.0, 230.0, 230.0, 'уп.', 'уп.', 'Сырники — это популярное блюдо из творога, обжаренное до золотистой корочки. Они идеально подходят для завтрака или десерта и могут подаваться с вареньем, сметаной или медом.', 'Сырники — это популярное блюдо из творога, обжаренное до золотистой корочки. Они идеально подходят для завтрака или десерта и могут подаваться с вареньем, сметаной или медом.', 'выпечка4', 'выпечка', '31.webp', '31.webp', 2, 2, 1, 1, 'Состав: творог, яйца куриные, сахар-песок, мука в/с, соль, ванилин.', 'Состав: творог, яйца куриные, сахар-песок, мука в/с, соль, ванилин.', NULL, NULL, NULL),
	(31, 'Сырники (уп 450гр.)', 'Сырники (уп 450гр.)', 0, 0, 0.0, 0.0, 230.0, 230.0, 'уп.', 'уп.', 'Сырники — это популярное блюдо из творога, обжаренное до золотистой корочки. Они идеально подходят для завтрака или десерта и могут подаваться с вареньем, сметаной или медом.', 'Сырники — это популярное блюдо из творога, обжаренное до золотистой корочки. Они идеально подходят для завтрака или десерта и могут подаваться с вареньем, сметаной или медом.', '4', 'выпечка4', '31.webp', '31.webp', 2, 2, 1, 1, 'Состав: творог, яйца куриные, сахар-песок, мука в/с, соль, ванилин.', 'Состав: творог, яйца куриные, сахар-песок, мука в/с, соль, ванилин.', NULL, NULL, NULL),
	(32, 'Чизкейк с киви', 'Чизкейк с киви', 0, 0, 0.0, 0.0, 480.0, 480.0, 'кг.', 'кг.', 'Чизкейк с киви — это нежный и освежающий десерт, который сочетает в себе кремовую текстуру и яркий вкус киви. Идеально подходит для любителей сладкого и фруктового, этот чизкейк станет отличным завершением любого обеда.', 'Чизкейк с киви — это нежный и освежающий десерт, который сочетает в себе кремовую текстуру и яркий вкус киви. Идеально подходит для любителей сладкого и фруктового, этот чизкейк станет отличным завершением любого обеда.', '4', 'выпечка', '32.png', '32.png', 2, 2, 1, 1, 'Состав: сливки, сахар, киви, желатин.', 'Состав: сливки, сахар, киви, желатин.', NULL, NULL, NULL),
	(33, 'Чизкейк с клубникой', 'Чизкейк с клубникой', 0, 0, 0.0, 0.0, 480.0, 480.0, 'кг.', 'кг.', 'Чизкейк с клубникой — это нежный и освежающий десерт, который сочетает в себе кремовую текстуру и сладкий вкус свежей клубники. Идеально подходит для любителей фруктовых десертов, этот чизкейк станет отличным завершением любого обеда или праздника.', 'Чизкейк с клубникой — это нежный и освежающий десерт, который сочетает в себе кремовую текстуру и сладкий вкус свежей клубники. Идеально подходит для любителей фруктовых десертов, этот чизкейк станет отличным завершением любого обеда или праздника.', '4', 'выпечка', '33.png', '33.png', 2, 2, 1, 1, 'Состав: сливки, сахар, клубника, желатин.', 'Состав: сливки, сахар, клубника, желатин.', NULL, NULL, NULL),
	(34, 'Творог весовой вакуум (5 кг)', 'Творог весовой вакуум (5 кг)', 0, 0, 1700.0, 1700.0, 1650.0, 1650.0, 'уп.', 'уп.', 'Творог ГОСТ в запайке 5 кг — это высококачественный продукт, соответствующий всем стандартам. Он обладает нежной текстурой и приятным вкусом, идеально подходит для приготовления различных блюд, десертов и как самостоятельный перекус.', 'Творог ГОСТ в запайке 5 кг — это высококачественный продукт, соответствующий всем стандартам. Он обладает нежной текстурой и приятным вкусом, идеально подходит для приготовления различных блюд, десертов и как самостоятельный перекус.', '4', 'выпечка', '34.png', '34.png', 2, 2, 1, 1, 'Состав: творог.', 'Состав: творог.', NULL, NULL, NULL),
	(35, 'Творог весовой вакуум (3 кг)', 'Творог весовой вакуум (3 кг)', 0, 0, 1000.0, 1000.0, 990.0, 990.0, 'уп.', 'уп.', 'Творог ГОСТ в запайке 3 кг — это натуральный продукт, который идеально подходит для приготовления запеканок, сырников и других блюд. Его высокое качество и вкус делают его отличным выбором для здорового питания.', 'Творог ГОСТ в запайке 3 кг — это натуральный продукт, который идеально подходит для приготовления запеканок, сырников и других блюд. Его высокое качество и вкус делают его отличным выбором для здорового питания.', '4', 'выпечка', '35.png', '35.png', 2, 2, 1, 1, 'Состав: творог.', 'Состав: творог.', NULL, NULL, NULL),
	(43, 'Запеканка со смородиной', 'Запеканка со смородиной', 0, 0, 0.0, 0.0, 450.0, 450.0, 'кг.', 'кг.', 'Запеканка со смородиной — это нежный десерт с ярким вкусом смородины.', 'Запеканка со смородиной — это нежный десерт с ярким вкусом смородины.', '4', 'выпечка', '42.png', '42.png', 2, 2, 1, 1, 'Состав: смородина, творог, яйца, сахар, мука.', 'Состав: смородина, творог, яйца, сахар, мука.', NULL, NULL, NULL),
	(44, 'Запеканка персики', 'Запеканка персики', 0, 0, 0.0, 0.0, 450.0, 450.0, 'кг.', 'кг.', 'Запеканка с персиками — это сладкий и ароматный десерт, который порадует вас своим вкусом.', 'Запеканка с персиками — это сладкий и ароматный десерт, который порадует вас своим вкусом.', '4', 'выпечка', '43.png', '43.png', 2, 2, 1, 1, 'Состав: персики, творог, яйца, сахар, мука.', 'Состав: персики, творог, яйца, сахар, мука.', NULL, NULL, NULL),
	(45, 'Запеканка микс, персик-вишня', 'Запеканка микс, персик-вишня', 0, 0, 0.0, 0.0, 450.0, 450.0, 'кг.', 'кг.', 'Запеканка с персиком и вишней — это идеальное сочетание сладости и кислинки.', 'Запеканка с персиком и вишней — это идеальное сочетание сладости и кислинки.', '4', 'выпечка', '44.png', '44.png', 2, 2, 1, 1, 'Состав: персики, вишня, творог, яйца, сахар, мука.', 'Состав: персики, вишня, творог, яйца, сахар, мука.', NULL, NULL, NULL),
	(46, 'Запеканка микс, персик-клубника', 'Запеканка микс, персик-клубника', 0, 0, 0.0, 0.0, 450.0, 450.0, 'кг.', 'кг.', 'Запеканка с персиком и клубникой — это вкусный десерт, который понравится всем.', 'Запеканка с персиком и клубникой — это вкусный десерт, который понравится всем.', '4', 'выпечка', '45.png', '45.png', 2, 2, 1, 1, 'Состав: персики, клубника, творог, яйца, сахар, мука.', 'Состав: персики, клубника, творог, яйца, сахар, мука.', NULL, NULL, NULL),
	(47, 'Запеканка микс, малина-персик', 'Запеканка микс, малина-персик', 0, 0, 0.0, 0.0, 450.0, 450.0, 'кг.', 'кг.', 'Запеканка с малиной и ???? — это интересный десерт с неожиданным вкусом.', 'Запеканка с малиной и ???? — это интересный десерт с неожиданным вкусом.', '4', 'выпечка', '46.webp', '46.webp', 2, 2, 1, 1, 'Состав: малина, ????, творог, яйца, сахар, мука.', 'Состав: малина, ????, творог, яйца, сахар, мука.', NULL, NULL, NULL),
	(48, 'Запеканка "сердечки" микс. киви-клубника-персик', 'Запеканка "сердечки" микс. киви-клубника-персик', 0, 0, 0.0, 0.0, 450.0, 450.0, 'кг.', 'кг.', 'Запеканка "сердечки" с киви и клубникой — это оригинальный десерт для особых случаев.', 'Запеканка "сердечки" с киви и клубникой — это оригинальный десерт для особых случаев.', '4', 'выпечка', '47.png', '47.png', 2, 2, 1, 1, 'Состав: киви, клубника, ????, творог, яйца, сахар, мука.', 'Состав: киви, клубника, ????, творог, яйца, сахар, мука.', NULL, NULL, NULL),
	(49, 'Запеканка микс. смородина-клубника-вишня-малина', 'Запеканка микс. смородина-клубника-вишня-малина', 0, 0, 0.0, 0.0, 450.0, 450.0, 'кг.', 'кг.', 'Запеканка с миксом ягод — это насыщенный вкус и аромат.', 'Запеканка с миксом ягод — это насыщенный вкус и аромат.', '4', 'выпечка', '48.webp', '48.webp', 2, 2, 1, 1, 'Состав: смородина, клубника, вишня, малина, творог, яйца, сахар, мука.', 'Состав: смородина, клубника, вишня, малина, творог, яйца, сахар, мука.', NULL, NULL, NULL),
	(53, 'Блины оригинальные', 'Блины оригинальные', 0, 0, 0.0, 0.0, 170.0, 170.0, 'уп.', 'уп.', NULL, NULL, '4', 'выпечка', '22.webp', '22.webp', NULL, NULL, NULL, NULL, NULL, NULL, NULL, NULL, NULL),
	(58, 'Сырники (весовые)', 'Сырники (весовые)', 0, 0, 0.0, 0.0, 450.0, 450.0, 'кг.', 'кг.', 'Сырники — это популярное блюдо из творога, обжаренное до золотистой корочки. Они идеально подходят для завтрака или десерта и могут подаваться с вареньем, сметаной или медом.', 'Сырники — это популярное блюдо из творога, обжаренное до золотистой корочки. Они идеально подходят для завтрака или десерта и могут подаваться с вареньем, сметаной или медом.', '4', 'выпечка', '31.webp', '31.webp', 2, 2, 1, 1, 'Состав: творог, яйца куриные, сахар-песок, мука в/с, соль, ванилин.', 'Состав: творог, яйца куриные, сахар-песок, мука в/с, соль, ванилин.', NULL, NULL, NULL),
	(59, 'Творожная ватрушка (оригинал/мини)', 'Творожная ватрушка (оригинал/мини)', 0, 0, 0.0, 0.0, 420.0, 420.0, 'кг.', 'кг.', NULL, NULL, '4', 'выпечка', NULL, NULL, NULL, NULL, NULL, NULL, NULL, NULL, NULL, NULL, NULL),
	(60, 'Сметанник', 'Сметанник', 0, 0, 0.0, 0.0, 450.0, 450.0, 'шт.', 'шт.', NULL, NULL, '4', 'выпечка', NULL, NULL, NULL, NULL, NULL, NULL, NULL, NULL, NULL, NULL, NULL),
	(62, 'Запеканка вишня/мини', 'Запеканка вишня/мини', 0, 0, 0.0, 0.0, 420.0, 420.0, 'кг.', 'кг.', 'аквыаываываы', 'аквыаываываы', '4', 'выпечка', '27.png', '27.png', 2, 2, NULL, NULL, 'Состав: творог, вишня, сахар.', 'Состав: творог, вишня, сахар.', NULL, NULL, NULL),
	(63, 'Запеканка изюм.мини', 'Запеканка изюм.мини', 0, 0, 0.0, 0.0, 420.0, 420.0, 'кг.', 'кг.', NULL, NULL, '4', 'выпечка', '27.png', '27.png', 3, 3, NULL, NULL, 'Состав: творог, изюм, сахар.', 'Состав: творог, изюм, сахар.', NULL, NULL, NULL),
	(64, 'Запеканка цукаты/мини', 'Запеканка цукаты/мини', 0, 0, 0.0, 0.0, 420.0, 420.0, 'кг.', 'кг.', NULL, NULL, '4', 'выпечка', NULL, NULL, NULL, NULL, NULL, NULL, NULL, NULL, NULL, NULL, NULL),
	(65, 'Запеканка курага/мини', 'Запеканка курага/мини', 0, 0, 0.0, 0.0, 420.0, 420.0, 'кг.', 'кг.', NULL, NULL, '4', 'выпечка', '27.png', '27.png', NULL, NULL, NULL, NULL, 'Состав: творог, курага, сахар.', 'Состав: творог, курага, сахар.', NULL, NULL, NULL),
	(66, 'Запеканка зебра', 'Запеканка зебра', 0, 0, 0.0, 0.0, 420.0, 420.0, 'кг.', 'кг.', 'Запеканка — это загадочный десерт, который стоит попробовать.', 'Запеканка — это загадочный десерт, который стоит попробовать.', '4', 'выпечка', '49.png', '49.png', NULL, NULL, NULL, NULL, NULL, NULL, NULL, NULL, NULL),
	(67, 'Запеканка оригинальная/мини', 'Запеканка оригинальная/мини', 0, 0, 0.0, 0.0, 420.0, 420.0, 'кг.', 'кг.', NULL, NULL, '4', 'выпечка', NULL, NULL, NULL, NULL, NULL, NULL, NULL, NULL, NULL, NULL, NULL),
	(26, 'Сыр Адыгейский (перец)', 'Сыр Адыгейский (перец)', 0, 0, 420.0, 420.0, 460.0, 460.0, 'кг.', 'кг.', 'Сыр Адыгейский с добавлением зелени и перца — это нежный и ароматный сыр, который отлично подходит для закусок, салатов и бутербродов. Его уникальный вкус и текстура делают его идеальным дополнением к любому блюду.', 'Сыр Адыгейский с добавлением зелени и перца — это нежный и ароматный сыр, который отлично подходит для закусок, салатов и бутербродов. Его уникальный вкус и текстура делают его идеальным дополнением к любому блюду.', '6', 'сыр', '26.png', '26.png', 2, 2, 1, 1, 'Состав: сыр, зелень, перец.', 'Состав: сыр, зелень, перец.', NULL, NULL, NULL),
	(29, 'Сыр Адыгейский оригинальный', 'Сыр Адыгейский оригинальный', 0, 0, 0.0, 0.0, 440.0, 440.0, 'кг.', 'кг.', 'Сыр Адыгейский — это мягкий и нежный сыр, который отлично подходит для приготовления различных блюд, закусок и салатов. Его приятный вкус и универсальность делают его популярным выбором на столе.', 'Сыр Адыгейский — это мягкий и нежный сыр, который отлично подходит для приготовления различных блюд, закусок и салатов. Его приятный вкус и универсальность делают его популярным выбором на столе.', '6', 'сыр', '29.png', '29.png', 2, 2, 1, 1, 'Состав: сыр.', 'Состав: сыр.', NULL, NULL, NULL),
	(36, 'Сыр Адыгейский стакан (650гр)', 'Сыр Адыгейский стакан (650гр)', 0, 0, 500.0, 500.0, 460.0, 460.0, 'уп.', 'уп.', 'Сыр Адыгейский (700 гр) — это мягкий и нежный сыр, который отлично подходит для закусок, салатов и приготовления различных блюд. Его приятный вкус и универсальность делают его популярным выбором на столе.', 'Сыр Адыгейский (700 гр) — это мягкий и нежный сыр, который отлично подходит для закусок, салатов и приготовления различных блюд. Его приятный вкус и универсальность делают его популярным выбором на столе.', '6', 'сыр', '36.png', '36.png', 2, 2, 1, 1, 'Состав: сыр.', 'Состав: сыр.', NULL, NULL, NULL),
	(37, 'Сыр Адыгейский (зелень)', 'Сыр Адыгейский (зелень)', 0, 0, 0.0, 0.0, 460.0, 460.0, 'уп.', 'уп.', 'Сыр Адыгейский с зеленью и перцем (700 гр) — это ароматный и вкусный сыр, который станет отличным дополнением к вашим блюдам. Его уникальный вкус и текстура делают его идеальным для закусок и салатов.', 'Сыр Адыгейский с зеленью и перцем (700 гр) — это ароматный и вкусный сыр, который станет отличным дополнением к вашим блюдам. Его уникальный вкус и текстура делают его идеальным для закусок и салатов.', '6', 'сыр', '37.png', '37.png', 2, 2, 1, 1, 'Состав: сыр, зелень, перец.', 'Состав: сыр, зелень, перец.', NULL, NULL, NULL),
	(61, 'Рулет сырный', 'Рулет сырный', 0, 0, 0.0, 0.0, 480.0, 480.0, 'кг.', 'кг.', NULL, NULL, '6', 'сыр', NULL, NULL, NULL, NULL, NULL, NULL, NULL, NULL, NULL, NULL, NULL),
	(73, 'Сыр Адыгейский зелень/перец стакан (650гр)', 'Сыр Адыгейский зелень/перец стакан (650гр)', 1, 1, 0.0, 0.0, 480.0, 480.0, 'уп.', 'уп.', NULL, NULL, '6', 'сыр', NULL, NULL, NULL, NULL, NULL, NULL, NULL, NULL, NULL, NULL, NULL),
	(1, 'Молоко натуральное цельное', 'Молоко натуральное цельное', 1, 1, 110.0, 110.0, 105.0, 105.0, 'л', 'л', 'Наше натуральное цельное молоко — это продукт высшего качества, полученный от здоровых коров, которые питаются только натуральными кормами. Это молоко сохраняет все полезные свойства и витамины, что делает его идеальным выбором для всей семьи. Оно обладает насыщенным вкусом и кремовой текстурой, что делает его отличным дополнением к вашему рациону.', 'Наше натуральное цельное молоко — это продукт высшего качества, полученный от здоровых коров, которые питаются только натуральными кормами. Это молоко сохраняет все полезные свойства и витамины, что делает его идеальным выбором для всей семьи. Оно обладает насыщенным вкусом и кремовой текстурой, что делает его отличным дополнением к вашему рациону.', '1', '1', '1.webp', '1.webp', 4, 4, 1, 1, 'Состав: молоко, витамины, полезные свойства.', 'Состав: молоко, витамины, полезные свойства.', 1, 1, NULL),
	(2, 'Крем творожный с зеленью', 'Крем творожный с зеленью', 0, 0, 120.0, 120.0, 100.0, 100.0, '200гр.', '200гр.', '', '', '2', '2', '17.png', '17.png', 3, 3, 1, 1, '', '', NULL, NULL, NULL),
	(3, 'Кефир', 'Кефир', 1, 1, 90.0, 90.0, 90.0, 90.0, '0,5л', '0,5л', 'Откройте для себя уникальный вкус и пользу нашего кефира, изготовленного из свежего молока, полученного от лучших фермеров Рязанской области. Этот продукт — идеальный выбор для тех, кто стремится к здоровому образу жизни и ценит натуральные ингредиенты.', 'Откройте для себя уникальный вкус и пользу нашего кефира, изготовленного из свежего молока, полученного от лучших фермеров Рязанской области. Этот продукт — идеальный выбор для тех, кто стремится к здоровому образу жизни и ценит натуральные ингредиенты.', '2', '2', '3.webp', '3.webp', 3, 3, 2, 2, 'Состав: кефир, молоко, закваска.', 'Состав: кефир, молоко, закваска.', NULL, NULL, NULL),
	(4, 'Сыворотка', 'Сыворотка', 0, 0, 60.0, 60.0, 60.0, 60.0, 'л.', 'л.', 'Наша сыворотка — это натуральный продукт, полученный в процессе производства сыра. Она богата белками и витаминами, что делает её отличным дополнением к вашему рациону. Используйте сыворотку для приготовления смузи, выпечки или как освежающий напиток.', 'Наша сыворотка — это натуральный продукт, полученный в процессе производства сыра. Она богата белками и витаминами, что делает её отличным дополнением к вашему рациону. Используйте сыворотку для приготовления смузи, выпечки или как освежающий напиток.', '3', '3', '4.png', '4.png', 3, 3, 1, 1, 'Состав: сыворотка, белки, витамины.', 'Состав: сыворотка, белки, витамины.', NULL, NULL, NULL),
	(5, 'Молоко козье', 'Молоко козье', 1, 1, 250.0, 250.0, 180.0, 180.0, 'л.', 'л.', 'Козье молоко — это источник легко усваиваемых питательных веществ и витаминов. Оно идеально подходит для людей с непереносимостью коровьего молока. Попробуйте его в чистом виде или добавьте в ваши любимые блюда для получения уникального вкуса.', 'Козье молоко — это источник легко усваиваемых питательных веществ и витаминов. Оно идеально подходит для людей с непереносимостью коровьего молока. Попробуйте его в чистом виде или добавьте в ваши любимые блюда для получения уникального вкуса.', '1', '1', '5.png', '5.png', 5, 5, 1, 1, 'Состав: козье молоко, витамины.', 'Состав: козье молоко, витамины.', NULL, NULL, NULL),
	(6, 'Сливки питьевые бутылка', 'Сливки питьевые бутылка', 0, 0, 150.0, 150.0, 150.0, 150.0, 'уп.', 'уп.', 'Наши питьевые сливки — это идеальный способ добавить кремовую текстуру и богатый вкус в ваши напитки и десерты. Они прекрасно подходят для кофе, чая или как основа для различных кулинарных шедевров.', 'Наши питьевые сливки — это идеальный способ добавить кремовую текстуру и богатый вкус в ваши напитки и десерты. Они прекрасно подходят для кофе, чая или как основа для различных кулинарных шедевров.', '1', '1', '6.png', '6.png', 4, 4, 1, 1, 'Состав: сливки, молоко.', 'Состав: сливки, молоко.', NULL, NULL, NULL),
	(7, 'Йогурт питьевой', 'Йогурт питьевой', 0, 0, 90.0, 90.0, 100.0, 100.0, '0,5л', '0,5л', 'Наш йогурт — это вкусный и полезный продукт, приготовленный из натурального молока с добавлением живых культур. Он богат пробиотиками, которые способствуют здоровью пищеварительной системы. Идеален как для завтрака, так и для перекуса.', 'Наш йогурт — это вкусный и полезный продукт, приготовленный из натурального молока с добавлением живых культур. Он богат пробиотиками, которые способствуют здоровью пищеварительной системы. Идеален как для завтрака, так и для перекуса.', '2', '2', '7.png', '7.png', 2, 2, 1, 1, 'Состав: молоко, закваска, пробиотики.', 'Состав: молоко, закваска, пробиотики.', NULL, NULL, NULL),
	(8, 'Молоко топленое', 'Молоко топленое', 0, 0, 90.0, 90.0, 90.0, 90.0, '0,5л', '0,5л', 'Топленое молоко — это традиционный продукт, обладающий насыщенным вкусом и ароматом. Оно проходит специальную обработку, что придаёт ему уникальные свойства. Используйте его для приготовления каш, выпечки или просто наслаждайтесь в чистом виде.', 'Топленое молоко — это традиционный продукт, обладающий насыщенным вкусом и ароматом. Оно проходит специальную обработку, что придаёт ему уникальные свойства. Используйте его для приготовления каш, выпечки или просто наслаждайтесь в чистом виде.', '1', '1', '8.webp', '8.webp', 3, 3, 1, 1, 'Состав: топленое молоко.', 'Состав: топленое молоко.', NULL, NULL, NULL),
	(9, 'Мацони', 'Мацони', 1, 1, 90.0, 90.0, 90.0, 90.0, 'уп.', 'уп.', 'Наш мацони обладает кремовой текстурой и легкой кислинкой, что делает его идеальным как для самостоятельного употребления, так и в качестве ингредиента в различных блюдах. Приготовленный по традиционным рецептам, он не содержит искусственных добавок и консервантов.', 'Наш мацони обладает кремовой текстурой и легкой кислинкой, что делает его идеальным как для самостоятельного употребления, так и в качестве ингредиента в различных блюдах. Приготовленный по традиционным рецептам, он не содержит искусственных добавок и консервантов.', '2', '2', '9.png', '9.png', 3, 3, 1, 1, 'Состав: молоко, закваска.', 'Состав: молоко, закваска.', NULL, NULL, NULL),
	(10, 'Ряженка', 'Ряженка', 0, 0, 500.0, 500.0, 450.0, 450.0, 'уп.', 'уп.', 'Ряженка — это традиционный кисломолочный продукт, обладающий нежным вкусом и ароматом. Она изготовлена из натурального молока и заквашена специальными культурами, что делает её полезной для пищеварения. Идеально подходит для завтрака или в качестве легкого перекуса.', 'Ряженка — это традиционный кисломолочный продукт, обладающий нежным вкусом и ароматом. Она изготовлена из натурального молока и заквашена специальными культурами, что делает её полезной для пищеварения. Идеально подходит для завтрака или в качестве легкого перекуса.', '2', '2', '10.png', '10.png', 3, 3, 1, 1, 'Состав: молоко, закваска.', 'Состав: молоко, закваска.', NULL, NULL, NULL),
	(11, 'Варенец', 'Варенец', 0, 0, 100.0, 100.0, 100.0, 100.0, '0,5л', '0,5л', 'Варенец — это сладкий кисломолочный напиток, приготовленный из топленого молока. Он обладает насыщенным вкусом и приятной кремовой текстурой. Варенец отлично подходит как для десерта, так и для утоления жажды.', 'Варенец — это сладкий кисломолочный напиток, приготовленный из топленого молока. Он обладает насыщенным вкусом и приятной кремовой текстурой. Варенец отлично подходит как для десерта, так и для утоления жажды.', '2', '2', '11.png', '11.png', 3, 3, 1, 1, 'Состав: топленое молоко, сахар.', 'Состав: топленое молоко, сахар.', NULL, NULL, NULL),
	(12, 'Творожная масса(с клубникой)', 'Творожная масса(с клубникой)', 0, 0, 90.0, 90.0, 100.0, 100.0, '200гр.', '200гр.', 'Творожная масса с клубникой — это вкусное и полезное лакомство, которое сочетает в себе нежный творог и сладкие ягоды. Идеально подходит для завтрака, десертов или как перекус. Наслаждайтесь натуральным вкусом и ароматом свежей клубники.', 'Творожная масса с клубникой — это вкусное и полезное лакомство, которое сочетает в себе нежный творог и сладкие ягоды. Идеально подходит для завтрака, десертов или как перекус. Наслаждайтесь натуральным вкусом и ароматом свежей клубники.', '2', '2', '12.png', '12.png', 3, 3, 1, 1, 'Состав: творог, клубника, сахар.', 'Состав: творог, клубника, сахар.', NULL, NULL, NULL),
	(13, 'Творожная масса(с ягодами)', 'Творожная масса(с ягодами)', 0, 0, 90.0, 90.0, 100.0, 100.0, '200гр.', '200гр.', 'Творожная масса с ягодами — это идеальное сочетание нежного творога и разнообразных ягод. Этот продукт не только вкусный, но и полезный, благодаря витаминам и антиоксидантам, содержащимся в ягодах. Отлично подходит для завтрака или десерта.', 'Творожная масса с ягодами — это идеальное сочетание нежного творога и разнообразных ягод. Этот продукт не только вкусный, но и полезный, благодаря витаминам и антиоксидантам, содержащимся в ягодах. Отлично подходит для завтрака или десерта.', '2', '2', '13.png', '13.png', 3, 3, 1, 1, 'Состав: творог, ягоды, сахар.', 'Состав: творог, ягоды, сахар.', NULL, NULL, NULL),
	(14, 'Творожная масса(шоколадная)', 'Творожная масса(шоколадная)', 0, 0, 90.0, 90.0, 100.0, 100.0, '200гр.', '200гр.', 'Творожная масса с шоколадом — это сладкое и питательное лакомство, которое порадует любителей шоколада. Нежный творог в сочетании с насыщенным шоколадным вкусом делает этот продукт идеальным для десертов или как перекус.', 'Творожная масса с шоколадом — это сладкое и питательное лакомство, которое порадует любителей шоколада. Нежный творог в сочетании с насыщенным шоколадным вкусом делает этот продукт идеальным для десертов или как перекус.', '2', '2', '14.png', '14.png', 3, 3, 1, 1, 'Состав: творог, шоколад, сахар.', 'Состав: творог, шоколад, сахар.', NULL, NULL, NULL),
	(16, 'Панакота', 'Панакота', 0, 0, 150.0, 150.0, 120.0, 120.0, '200гр.', '200гр.', 'Панакота — это итальянский десерт на основе сливок, который обладает нежной текстурой и легким ванильным вкусом. Этот десерт идеально подходит для завершения любого обеда или ужина и может быть подан с различными соусами.', 'Панакота — это итальянский десерт на основе сливок, который обладает нежной текстурой и легким ванильным вкусом. Этот десерт идеально подходит для завершения любого обеда или ужина и может быть подан с различными соусами.', '3', '3', '16.png', '16.png', 3, 3, 1, 1, 'Состав: сливки, сахар, желатин, ваниль.', 'Состав: сливки, сахар, желатин, ваниль.', NULL, NULL, NULL),
	(18, 'Панакота 2', 'Панакота 2', 0, 0, 120.0, 120.0, 120.0, 120.0, '200гр.', '200гр.', 'Панакота 2 — это вариация классического итальянского десерта, приготовленная с использованием высококачественных ингредиентов. Нежная текстура и изысканный вкус делают её идеальным выбором для любителей сладкого.', 'Панакота 2 — это вариация классического итальянского десерта, приготовленная с использованием высококачественных ингредиентов. Нежная текстура и изысканный вкус делают её идеальным выбором для любителей сладкого.', '3', '3', '18.png', '18.png', 3, 3, 1, 1, 'Состав: сливки, сахар, желатин, ваниль.', 'Состав: сливки, сахар, желатин, ваниль.', NULL, NULL, NULL),
	(19, 'Панакота с фруктами', 'Панакота с фруктами', 0, 0, 120.0, 120.0, 120.0, 120.0, '200гр.', '200гр.', 'Панакота с фруктами — это освежающий десерт, который сочетает в себе нежную панакоту и свежие фрукты. Идеально подходит для летнего угощения или как легкий десерт после обеда.', 'Панакота с фруктами — это освежающий десерт, который сочетает в себе нежную панакоту и свежие фрукты. Идеально подходит для летнего угощения или как легкий десерт после обеда.', '3', '3', '19.png', '19.png', 3, 3, 1, 1, 'Состав: сливки, сахар, фрукты, желатин.', 'Состав: сливки, сахар, фрукты, желатин.', NULL, NULL, NULL),
	(20, 'Панакота с ягодами', 'Панакота с ягодами', 0, 0, 120.0, 120.0, 120.0, 120.0, '200гр.', '200гр.', 'Панакота с ягодами — это изысканный десерт, который сочетает в себе нежную текстуру панакоты и сладкие ягоды. Этот десерт станет отличным завершением любого приема пищи и порадует любителей ягод.', 'Панакота с ягодами — это изысканный десерт, который сочетает в себе нежную текстуру панакоты и сладкие ягоды. Этот десерт станет отличным завершением любого приема пищи и порадует любителей ягод.', '3', '3', '20.png', '20.png', 3, 3, 1, 1, 'Состав: сливки, сахар, ягоды, желатин.', 'Состав: сливки, сахар, ягоды, желатин.', NULL, NULL, NULL),
	(21, 'Сливки сепарированные ведро (3кг)', 'Сливки сепарированные ведро (3кг)', 0, 0, 390.0, 390.0, 360.0, 360.0, 'кг.', 'кг.', 'Сепарированные сливки — это высококачественный молочный продукт, полученный путем сепарации молока. Они обладают насыщенным вкусом и идеально подходят для приготовления десертов, соусов и выпечки. Используйте их для создания кремов или как добавку к кофе.', 'Сепарированные сливки — это высококачественный молочный продукт, полученный путем сепарации молока. Они обладают насыщенным вкусом и идеально подходят для приготовления десертов, соусов и выпечки. Используйте их для создания кремов или как добавку к кофе.', '3', '3', '21.png', '21.png', 3, 3, 1, 1, 'Состав: сливки.', 'Состав: сливки.', NULL, NULL, NULL),
	(22, 'Блины оригинальные с творогом', 'Блины оригинальные с творогом', 0, 0, 300.0, 300.0, 250.0, 250.0, 'уп.', 'уп.', 'Блинчики оригинальные с творогом — это вкусное и сытное блюдо, приготовленное из тонкого теста и нежного творога. Они идеально подходят для завтрака или перекуса и могут быть поданы как с сахаром, так и с вареньем.', 'Блинчики оригинальные с творогом — это вкусное и сытное блюдо, приготовленное из тонкого теста и нежного творога. Они идеально подходят для завтрака или перекуса и могут быть поданы как с сахаром, так и с вареньем.', '4', '4', '22.webp', '22.webp', 3, 3, 1, 1, 'Состав: мука, творог, яйца, сахар.', 'Состав: мука, творог, яйца, сахар.', NULL, NULL, NULL),
	(23, 'Творожная ватрушка (шоколад/мини)', 'Творожная ватрушка (шоколад/мини)', 0, 0, 380.0, 380.0, 420.0, 420.0, 'кг.', 'кг.', 'Творожная ватрушка — это аппетитная выпечка с нежной творожной начинкой и шоколадным вкусом. Она станет отличным дополнением к чаю или кофе и порадует любителей сладкого. Идеально подходит для угощения гостей или как десерт на праздник.', 'Творожная ватрушка — это аппетитная выпечка с нежной творожной начинкой и шоколадным вкусом. Она станет отличным дополнением к чаю или кофе и порадует любителей сладкого. Идеально подходит для угощения гостей или как десерт на праздник.', '4', '4', '23.png', '23.png', 3, 3, 1, 1, 'Состав: мука, творог, шоколад, сахар.', 'Состав: мука, творог, шоколад, сахар.', NULL, NULL, NULL),
	(24, 'Блины оригинальные с мясом', 'Блины оригинальные с мясом', 0, 0, 300.0, 300.0, 250.0, 250.0, 'уп.', 'уп.', 'Наши блинчики имеют тонкую, нежную текстуру и богатую начинку из отборного мяса, приготовленного с добавлением ароматных специй и свежих овощей. Каждый блинчик завернут с любовью и заботой, чтобы вы могли насладиться настоящим домашним вкусом.', 'Наши блинчики имеют тонкую, нежную текстуру и богатую начинку из отборного мяса, приготовленного с добавлением ароматных специй и свежих овощей. Каждый блинчик завернут с любовью и заботой, чтобы вы могли насладиться настоящим домашним вкусом.', '4', '4', '22.webp', '22.webp', 3, 3, 1, 1, 'Состав: мука, мясо, специи, овощи.', 'Состав: мука, мясо, специи, овощи.', NULL, NULL, NULL),
	(25, 'Масло сливочное фермерское', 'Масло сливочное фермерское', 0, 0, 1100.0, 1100.0, 1050.0, 1050.0, 'кг.', 'кг.', 'Наше масло обладает насыщенным кремовым вкусом и нежной текстурой, что делает его идеальным для приготовления различных блюд, выпечки и намазывания на хлеб. Мы используем только натуральные ингредиенты и традиционные методы производства, чтобы сохранить все полезные свойства и вкус.', 'Наше масло обладает насыщенным кремовым вкусом и нежной текстурой, что делает его идеальным для приготовления различных блюд, выпечки и намазывания на хлеб. Мы используем только натуральные ингредиенты и традиционные методы производства, чтобы сохранить все полезные свойства и вкус.', '3', '3', '25.png', '25.png', 2, 2, 1, 1, 'Состав: масло, соль.', 'Состав: масло, соль.', NULL, NULL, NULL),
	(26, 'Сыр Адыгейский (перец)', 'Сыр Адыгейский (перец)', 0, 0, 420.0, 420.0, 460.0, 460.0, 'кг.', 'кг.', 'Сыр Адыгейский с добавлением зелени и перца — это нежный и ароматный сыр, который отлично подходит для закусок, салатов и бутербродов. Его уникальный вкус и текстура делают его идеальным дополнением к любому блюду.', 'Сыр Адыгейский с добавлением зелени и перца — это нежный и ароматный сыр, который отлично подходит для закусок, салатов и бутербродов. Его уникальный вкус и текстура делают его идеальным дополнением к любому блюду.', '6', '6', '26.png', '26.png', 2, 2, 1, 1, 'Состав: сыр, зелень, перец.', 'Состав: сыр, зелень, перец.', NULL, NULL, NULL),
	(28, 'Творог топленый', 'Творог топленый', 0, 0, 500.0, 500.0, 460.0, 460.0, 'кг.', 'кг.', 'Топленый творог — это натуральный продукт с насыщенным вкусом и кремовой текстурой. Он идеально подходит для приготовления десертов, запеканок или как самостоятельный перекус. Наслаждайтесь его полезными свойствами и вкусом.', 'Топленый творог — это натуральный продукт с насыщенным вкусом и кремовой текстурой. Он идеально подходит для приготовления десертов, запеканок или как самостоятельный перекус. Наслаждайтесь его полезными свойствами и вкусом.', '3', '3', '28.png', '28.png', 2, 2, 1, 1, 'Состав: творог.', 'Состав: творог.', NULL, NULL, NULL),
	(29, 'Сыр Адыгейский оригинальный', 'Сыр Адыгейский оригинальный', 0, 0, 0.0, 0.0, 440.0, 440.0, 'кг.', 'кг.', 'Сыр Адыгейский — это мягкий и нежный сыр, который отлично подходит для приготовления различных блюд, закусок и салатов. Его приятный вкус и универсальность делают его популярным выбором на столе.', 'Сыр Адыгейский — это мягкий и нежный сыр, который отлично подходит для приготовления различных блюд, закусок и салатов. Его приятный вкус и универсальность делают его популярным выбором на столе.', '6', '6', '29.png', '29.png', 2, 2, 1, 1, 'Состав: сыр.', 'Состав: сыр.', NULL, NULL, NULL),
	(30, 'Творог пластовой (таз)', 'Творог пластовой (таз)', 0, 0, 0.0, 0.0, 340.0, 340.0, 'кг.', 'кг.', 'Пластовой творог — это продукт с нежной текстурой, который идеально подходит для приготовления десертов, запеканок и начинок. Он богат белком и полезными веществами, что делает его отличным выбором для здорового питания.', 'Пластовой творог — это продукт с нежной текстурой, который идеально подходит для приготовления десертов, запеканок и начинок. Он богат белком и полезными веществами, что делает его отличным выбором для здорового питания.', '3', '3', '30.png', '30.png', 2, 2, 1, 1, 'Состав: творог.', 'Состав: творог.', NULL, NULL, NULL),
	(31, 'Сырники (уп 450гр.)', 'Сырники (уп 450гр.)', 0, 0, 0.0, 0.0, 230.0, 230.0, 'уп.', 'уп.', 'Сырники — это популярное блюдо из творога, обжаренное до золотистой корочки. Они идеально подходят для завтрака или десерта и могут подаваться с вареньем, сметаной или медом.', 'Сырники — это популярное блюдо из творога, обжаренное до золотистой корочки. Они идеально подходят для завтрака или десерта и могут подаваться с вареньем, сметаной или медом.', '4', '4', '31.webp', '31.webp', 2, 2, 1, 1, 'Состав: творог, яйца куриные, сахар-песок, мука в/с, соль, ванилин.', 'Состав: творог, яйца куриные, сахар-песок, мука в/с, соль, ванилин.', NULL, NULL, NULL),
	(32, 'Чизкейк с киви', 'Чизкейк с киви', 0, 0, 0.0, 0.0, 480.0, 480.0, 'кг.', 'кг.', 'Чизкейк с киви — это нежный и освежающий десерт, который сочетает в себе кремовую текстуру и яркий вкус киви. Идеально подходит для любителей сладкого и фруктового, этот чизкейк станет отличным завершением любого обеда.', 'Чизкейк с киви — это нежный и освежающий десерт, который сочетает в себе кремовую текстуру и яркий вкус киви. Идеально подходит для любителей сладкого и фруктового, этот чизкейк станет отличным завершением любого обеда.', '4', '4', '32.png', '32.png', 2, 2, 1, 1, 'Состав: сливки, сахар, киви, желатин.', 'Состав: сливки, сахар, киви, желатин.', NULL, NULL, NULL),
	(33, 'Чизкейк с клубникой', 'Чизкейк с клубникой', 0, 0, 0.0, 0.0, 480.0, 480.0, 'кг.', 'кг.', 'Чизкейк с клубникой — это нежный и освежающий десерт, который сочетает в себе кремовую текстуру и сладкий вкус свежей клубники. Идеально подходит для любителей фруктовых десертов, этот чизкейк станет отличным завершением любого обеда или праздника.', 'Чизкейк с клубникой — это нежный и освежающий десерт, который сочетает в себе кремовую текстуру и сладкий вкус свежей клубники. Идеально подходит для любителей фруктовых десертов, этот чизкейк станет отличным завершением любого обеда или праздника.', '4', '4', '33.png', '33.png', 2, 2, 1, 1, 'Состав: сливки, сахар, клубника, желатин.', 'Состав: сливки, сахар, клубника, желатин.', NULL, NULL, NULL),
	(34, 'Творог весовой вакуум (5 кг)', 'Творог весовой вакуум (5 кг)', 0, 0, 1700.0, 1700.0, 1650.0, 1650.0, 'уп.', 'уп.', 'Творог ГОСТ в запайке 5 кг — это высококачественный продукт, соответствующий всем стандартам. Он обладает нежной текстурой и приятным вкусом, идеально подходит для приготовления различных блюд, десертов и как самостоятельный перекус.', 'Творог ГОСТ в запайке 5 кг — это высококачественный продукт, соответствующий всем стандартам. Он обладает нежной текстурой и приятным вкусом, идеально подходит для приготовления различных блюд, десертов и как самостоятельный перекус.', '4', '4', '34.png', '34.png', 2, 2, 1, 1, 'Состав: творог.', 'Состав: творог.', NULL, NULL, NULL),
	(35, 'Творог весовой вакуум (3 кг)', 'Творог весовой вакуум (3 кг)', 0, 0, 1000.0, 1000.0, 990.0, 990.0, 'уп.', 'уп.', 'Творог ГОСТ в запайке 3 кг — это натуральный продукт, который идеально подходит для приготовления запеканок, сырников и других блюд. Его высокое качество и вкус делают его отличным выбором для здорового питания.', 'Творог ГОСТ в запайке 3 кг — это натуральный продукт, который идеально подходит для приготовления запеканок, сырников и других блюд. Его высокое качество и вкус делают его отличным выбором для здорового питания.', '4', '4', '35.png', '35.png', 2, 2, 1, 1, 'Состав: творог.', 'Состав: творог.', NULL, NULL, NULL),
	(36, 'Сыр Адыгейский стакан (650гр)', 'Сыр Адыгейский стакан (650гр)', 0, 0, 500.0, 500.0, 460.0, 460.0, 'уп.', 'уп.', 'Сыр Адыгейский (700 гр) — это мягкий и нежный сыр, который отлично подходит для закусок, салатов и приготовления различных блюд. Его приятный вкус и универсальность делают его популярным выбором на столе.', 'Сыр Адыгейский (700 гр) — это мягкий и нежный сыр, который отлично подходит для закусок, салатов и приготовления различных блюд. Его приятный вкус и универсальность делают его популярным выбором на столе.', '6', '6', '36.png', '36.png', 2, 2, 1, 1, 'Состав: сыр.', 'Состав: сыр.', NULL, NULL, NULL),
	(37, 'Сыр Адыгейский (зелень)', 'Сыр Адыгейский (зелень)', 0, 0, 0.0, 0.0, 460.0, 460.0, 'уп.', 'уп.', 'Сыр Адыгейский с зеленью и перцем (700 гр) — это ароматный и вкусный сыр, который станет отличным дополнением к вашим блюдам. Его уникальный вкус и текстура делают его идеальным для закусок и салатов.', 'Сыр Адыгейский с зеленью и перцем (700 гр) — это ароматный и вкусный сыр, который станет отличным дополнением к вашим блюдам. Его уникальный вкус и текстура делают его идеальным для закусок и салатов.', '6', '6', '37.png', '37.png', 2, 2, 1, 1, 'Состав: сыр, зелень, перец.', 'Состав: сыр, зелень, перец.', NULL, NULL, NULL),
	(38, 'Сметана ГОСТ ведро (3кг)', 'Сметана ГОСТ ведро (3кг)', 0, 0, 0.0, 0.0, 350.0, 350.0, 'кг.', 'кг.', 'Сметана ГОСТ — это натуральный молочный продукт с богатым вкусом и кремовой текстурой. Она идеально подходит для заправки салатов, приготовления соусов и как добавка к различным блюдам.', 'Сметана ГОСТ — это натуральный молочный продукт с богатым вкусом и кремовой текстурой. Она идеально подходит для заправки салатов, приготовления соусов и как добавка к различным блюдам.', '3', '3', '21.png', '21.png', 2, 2, 1, 1, 'Состав: сметана.', 'Состав: сметана.', NULL, NULL, NULL),
	(39, 'Желе ваниль с клубникой', 'Желе ваниль с клубникой', 0, 0, 0.0, 0.0, 120.0, 120.0, 'уп.', 'уп.', '', '', '3', '3', '38.png', '38.png', 2, 2, 1, 1, 'Состав: желатин, сахар, клубника, ваниль.', 'Состав: желатин, сахар, клубника, ваниль.', NULL, NULL, NULL),
	(40, 'Желе ваниль с малиной', 'Желе ваниль с малиной', 0, 0, 0.0, 0.0, 120.0, 120.0, 'уп.', 'уп.', '', '', '3', '3', '39.png', '39.png', 2, 2, 1, 1, 'Состав: желатин, сахар, малина, ваниль.', 'Состав: желатин, сахар, малина, ваниль.', NULL, NULL, NULL),
	(41, 'Желе манго с малиной', 'Желе манго с малиной', 0, 0, 0.0, 0.0, 120.0, 120.0, 'уп.', 'уп.', 'Желе манго с малиной — это освежающий десерт, который сочетает в себе сладость манго и кислинку малины.', 'Желе манго с малиной — это освежающий десерт, который сочетает в себе сладость манго и кислинку малины.', '3', '3', '50.png', '50.png', 2, 2, 1, 1, 'Состав: манго, малина, сахар, вода, желатин.', 'Состав: манго, малина, сахар, вода, желатин.', NULL, NULL, NULL),
	(42, 'Желе киви с клубникой', 'Желе киви с клубникой', 0, 0, 0.0, 0.0, 120.0, 120.0, 'уп.', 'уп.', 'Желе киви с клубникой — это освежающий десерт, который сочетает в себе сладость клубники и кислинку киви.', 'Желе киви с клубникой — это освежающий десерт, который сочетает в себе сладость клубники и кислинку киви.', '3', '3', '41.png', '41.png', 2, 2, 1, 1, 'Состав: киви, клубника, сахар, вода, желатин.', 'Состав: киви, клубника, сахар, вода, желатин.', NULL, NULL, NULL),
	(43, 'Запеканка со смородиной', 'Запеканка со смородиной', 0, 0, 0.0, 0.0, 450.0, 450.0, 'кг.', 'кг.', 'Запеканка со смородиной — это нежный десерт с ярким вкусом смородины.', 'Запеканка со смородиной — это нежный десерт с ярким вкусом смородины.', '4', '4', '42.png', '42.png', 2, 2, 1, 1, 'Состав: смородина, творог, яйца, сахар, мука.', 'Состав: смородина, творог, яйца, сахар, мука.', NULL, NULL, NULL),
	(44, 'Запеканка персики', 'Запеканка персики', 0, 0, 0.0, 0.0, 450.0, 450.0, 'кг.', 'кг.', 'Запеканка с персиками — это сладкий и ароматный десерт, который порадует вас своим вкусом.', 'Запеканка с персиками — это сладкий и ароматный десерт, который порадует вас своим вкусом.', '4', '4', '43.png', '43.png', 2, 2, 1, 1, 'Состав: персики, творог, яйца, сахар, мука.', 'Состав: персики, творог, яйца, сахар, мука.', NULL, NULL, NULL),
	(45, 'Запеканка микс, персик-вишня', 'Запеканка микс, персик-вишня', 0, 0, 0.0, 0.0, 450.0, 450.0, 'кг.', 'кг.', 'Запеканка с персиком и вишней — это идеальное сочетание сладости и кислинки.', 'Запеканка с персиком и вишней — это идеальное сочетание сладости и кислинки.', '4', '4', '44.png', '44.png', 2, 2, 1, 1, 'Состав: персики, вишня, творог, яйца, сахар, мука.', 'Состав: персики, вишня, творог, яйца, сахар, мука.', NULL, NULL, NULL),
	(46, 'Запеканка микс, персик-клубника', 'Запеканка микс, персик-клубника', 0, 0, 0.0, 0.0, 450.0, 450.0, 'кг.', 'кг.', 'Запеканка с персиком и клубникой — это вкусный десерт, который понравится всем.', 'Запеканка с персиком и клубникой — это вкусный десерт, который понравится всем.', '4', '4', '45.png', '45.png', 2, 2, 1, 1, 'Состав: персики, клубника, творог, яйца, сахар, мука.', 'Состав: персики, клубника, творог, яйца, сахар, мука.', NULL, NULL, NULL),
	(47, 'Запеканка микс, малина-персик', 'Запеканка микс, малина-персик', 0, 0, 0.0, 0.0, 450.0, 450.0, 'кг.', 'кг.', 'Запеканка с малиной и ???? — это интересный десерт с неожиданным вкусом.', 'Запеканка с малиной и ???? — это интересный десерт с неожиданным вкусом.', '4', '4', '46.webp', '46.webp', 2, 2, 1, 1, 'Состав: малина, ????, творог, яйца, сахар, мука.', 'Состав: малина, ????, творог, яйца, сахар, мука.', NULL, NULL, NULL),
	(48, 'Запеканка "сердечки" микс. киви-клубника-персик', 'Запеканка "сердечки" микс. киви-клубника-персик', 0, 0, 0.0, 0.0, 450.0, 450.0, 'кг.', 'кг.', 'Запеканка "сердечки" с киви и клубникой — это оригинальный десерт для особых случаев.', 'Запеканка "сердечки" с киви и клубникой — это оригинальный десерт для особых случаев.', '4', '4', '47.png', '47.png', 2, 2, 1, 1, 'Состав: киви, клубника, ????, творог, яйца, сахар, мука.', 'Состав: киви, клубника, ????, творог, яйца, сахар, мука.', NULL, NULL, NULL),
	(49, 'Запеканка микс. смородина-клубника-вишня-малина', 'Запеканка микс. смородина-клубника-вишня-малина', 0, 0, 0.0, 0.0, 450.0, 450.0, 'кг.', 'кг.', 'Запеканка с миксом ягод — это насыщенный вкус и аромат.', 'Запеканка с миксом ягод — это насыщенный вкус и аромат.', '4', '4', '48.webp', '48.webp', 2, 2, 1, 1, 'Состав: смородина, клубника, вишня, малина, творог, яйца, сахар, мука.', 'Состав: смородина, клубника, вишня, малина, творог, яйца, сахар, мука.', NULL, NULL, NULL),
	(51, 'Желе малина', 'Желе малина', 0, 0, 0.0, 0.0, 120.0, 120.0, 'уп.', 'уп.', 'Желе малина-?????? — это освежающий десерт с ягодным вкусом.', 'Желе малина-?????? — это освежающий десерт с ягодным вкусом.', '3', '3', '50.png', '50.png', 2, 2, 1, 1, 'Состав: малина, сахар, вода, желатин.', 'Состав: малина, сахар, вода, желатин.', NULL, NULL, NULL),
	(53, 'Блины оригинальные', 'Блины оригинальные', 0, 0, 0.0, 0.0, 170.0, 170.0, 'уп.', 'уп.', NULL, NULL, '4', '4', '22.webp', '22.webp', NULL, NULL, NULL, NULL, NULL, NULL, NULL, NULL, NULL),
	(54, 'Кефир', 'Кефир', 0, 0, 0.0, 0.0, 130.0, 130.0, '1л.', '1л.', NULL, NULL, '2', '2', '3.webp', '3.webp', NULL, NULL, NULL, NULL, NULL, NULL, NULL, NULL, NULL),
	(56, 'Молоко топленое', 'Молоко топленое', 0, 0, 0.0, 0.0, 130.0, 130.0, '1л.', '1л.', NULL, NULL, '3', '3', '8.webp', '8.webp', NULL, NULL, NULL, NULL, NULL, NULL, NULL, NULL, NULL),
	(57, 'Масло топленое контейнер', 'Масло топленое контейнер', 0, 0, 0.0, 0.0, 250.0, 250.0, '200гр.', '200гр.', NULL, NULL, '3', '3', '15.png', '15.png', NULL, NULL, NULL, NULL, NULL, NULL, NULL, NULL, NULL),
	(58, 'Сырники (весовые)', 'Сырники (весовые)', 0, 0, 0.0, 0.0, 450.0, 450.0, 'кг.', 'кг.', 'Сырники — это популярное блюдо из творога, обжаренное до золотистой корочки. Они идеально подходят для завтрака или десерта и могут подаваться с вареньем, сметаной или медом.', 'Сырники — это популярное блюдо из творога, обжаренное до золотистой корочки. Они идеально подходят для завтрака или десерта и могут подаваться с вареньем, сметаной или медом.', '4', '4', '31.webp', '31.webp', 2, 2, 1, 1, 'Состав: творог, яйца куриные, сахар-песок, мука в/с, соль, ванилин.', 'Состав: творог, яйца куриные, сахар-песок, мука в/с, соль, ванилин.', NULL, NULL, NULL),
	(59, 'Творожная ватрушка (оригинал/мини)', 'Творожная ватрушка (оригинал/мини)', 0, 0, 0.0, 0.0, 420.0, 420.0, 'кг.', 'кг.', NULL, NULL, '4', '4', NULL, NULL, NULL, NULL, NULL, NULL, NULL, NULL, NULL, NULL, NULL),
	(60, 'Сметанник', 'Сметанник', 0, 0, 0.0, 0.0, 450.0, 450.0, 'шт.', 'шт.', NULL, NULL, '4', '4', NULL, NULL, NULL, NULL, NULL, NULL, NULL, NULL, NULL, NULL, NULL),
	(61, 'Рулет сырный', 'Рулет сырный', 0, 0, 0.0, 0.0, 480.0, 480.0, 'кг.', 'кг.', NULL, NULL, '6', '6', NULL, NULL, NULL, NULL, NULL, NULL, NULL, NULL, NULL, NULL, NULL),
	(62, 'Запеканка вишня/мини', 'Запеканка вишня/мини', 0, 0, 0.0, 0.0, 420.0, 420.0, 'кг.', 'кг.', 'аквыаываываы', 'аквыаываываы', '4', '4', '27.png', '27.png', 2, 2, NULL, NULL, 'Состав: творог, вишня, сахар.', 'Состав: творог, вишня, сахар.', NULL, NULL, NULL),
	(63, 'Запеканка изюм.мини', 'Запеканка изюм.мини', 0, 0, 0.0, 0.0, 420.0, 420.0, 'кг.', 'кг.', NULL, NULL, '4', '4', '27.png', '27.png', 3, 3, NULL, NULL, 'Состав: творог, изюм, сахар.', 'Состав: творог, изюм, сахар.', NULL, NULL, NULL),
	(64, 'Запеканка цукаты/мини', 'Запеканка цукаты/мини', 0, 0, 0.0, 0.0, 420.0, 420.0, 'кг.', 'кг.', NULL, NULL, '4', '4', NULL, NULL, NULL, NULL, NULL, NULL, NULL, NULL, NULL, NULL, NULL),
	(65, 'Запеканка курага/мини', 'Запеканка курага/мини', 0, 0, 0.0, 0.0, 420.0, 420.0, 'кг.', 'кг.', NULL, NULL, '4', '4', '27.png', '27.png', NULL, NULL, NULL, NULL, 'Состав: творог, курага, сахар.', 'Состав: творог, курага, сахар.', NULL, NULL, NULL),
	(66, 'Запеканка зебра', 'Запеканка зебра', 0, 0, 0.0, 0.0, 420.0, 420.0, 'кг.', 'кг.', 'Запеканка — это загадочный десерт, который стоит попробовать.', 'Запеканка — это загадочный десерт, который стоит попробовать.', '4', '4', '49.png', '49.png', NULL, NULL, NULL, NULL, NULL, NULL, NULL, NULL, NULL),
	(67, 'Запеканка оригинальная/мини', 'Запеканка оригинальная/мини', 0, 0, 0.0, 0.0, 420.0, 420.0, 'кг.', 'кг.', NULL, NULL, '4', '4', NULL, NULL, NULL, NULL, NULL, NULL, NULL, NULL, NULL, NULL, NULL),
	(69, 'Творог (форма)', 'Творог (форма)', 0, 0, 0.0, 0.0, 350.0, 350.0, 'кг.', 'кг.', NULL, NULL, '3', '3', NULL, NULL, NULL, NULL, NULL, NULL, 'Состав: творог', 'Состав: творог', NULL, NULL, NULL),
	(70, 'Творожная масса ведро ориг. (3кг)', 'Творожная масса ведро ориг. (3кг)', 0, 0, 0.0, 0.0, 400.0, 400.0, 'кг.', 'кг.', NULL, NULL, '3', '3', NULL, NULL, NULL, NULL, NULL, NULL, NULL, NULL, NULL, NULL, NULL),
	(71, 'Творожная масса ведро вишня (3кг)', 'Творожная масса ведро вишня (3кг)', 1, 1, 0.0, 0.0, 400.0, 400.0, 'кг.', 'кг.', NULL, NULL, '3', '3', NULL, NULL, NULL, NULL, NULL, NULL, NULL, NULL, NULL, NULL, NULL),
	(72, 'Творожная масса ведро изюм. (3кг)', 'Творожная масса ведро изюм. (3кг)', 1, 1, 0.0, 0.0, 400.0, 400.0, 'кг.', 'кг.', NULL, NULL, '3', '3', NULL, NULL, NULL, NULL, NULL, NULL, NULL, NULL, NULL, NULL, NULL),
	(73, 'Сыр Адыгейский зелень/перец стакан (650гр)', 'Сыр Адыгейский зелень/перец стакан (650гр)', 1, 1, 0.0, 0.0, 480.0, 480.0, 'уп.', 'уп.', NULL, NULL, '6', '6', NULL, NULL, NULL, NULL, NULL, NULL, NULL, NULL, NULL, NULL, NULL);
/*!40000 ALTER TABLE "products_changes" ENABLE KEYS */;

-- Дамп структуры для триггер products.update_admin_users_updated_at
/* Ошибка SQL (1): near "SHOW": syntax error *//*!40103 SET TIME_ZONE=IFNULL(@OLD_TIME_ZONE, 'system') */;
/*!40101 SET SQL_MODE=IFNULL(@OLD_SQL_MODE, '') */;
/*!40014 SET FOREIGN_KEY_CHECKS=IFNULL(@OLD_FOREIGN_KEY_CHECKS, 1) */;
/*!40101 SET CHARACTER_SET_CLIENT=@OLD_CHARACTER_SET_CLIENT */;
/*!40111 SET SQL_NOTES=IFNULL(@OLD_SQL_NOTES, 1) */;
